Unnamed: 0,time,pos_x,pos_y,pos_z,pos_sp,cmd_pos_x,cmd_pos_y,cmd_pos_z,cmd_pos_sp,cmd_v_x,cmd_v_y,cmd_v_z,cmd_v_sp,cont_dev_x,cont_dev_y,cont_dev_z,cont_dev_sp,v_x,a_x,v_y,a_y,v_z,a_z,v_sp,a_sp,time_diff,a_p,a_e,phi,curr_x,curr_y,curr_z,curr_sp,f_x_sim,f_y_sim,f_z_sim,f_sp_sim,materialremoved_sim
10695,213.89900000000003,-1.1480411,164.7659463,386.7799951,1600295.1263184,-1.148045,164.689985,386.77999,1600305.447453,-0.0001327000000001,-5.8375982,-0.0001568,22800.0,-4.000000000000691e-06,-0.0001278999999999,-5.099999999998964e-06,0.0,0.0117250000000013,0.1812499999975863,-5.845225000000198,-12.018750000031275,0.0087750000005826,-1.1624999999071406,22800.304425001377,-30.03750171086504,0.002,6.0,10.0,180.0,0.3261718000000001,-4.854003799999999,-0.4887693000000001,-0.6029298,-9.981539716371951e-63,1.3660335714202583e-62,4.0239883567336767e-63,1.6918603773119676e-62,0.0
10696,213.919,-1.1480595999999998,164.6489992,386.7800155,1600751.1260896,-1.148045,164.5753782,386.77999,1600761.447453,0.0004857999999998,-5.1512879,-0.0008404,22800.0,1.4599999999999308e-05,0.0001527,-2.5499999999998966e-05,0.0,-0.0131999999999965,1.1625000000015184,-5.816649999999868,28.550000000215903,-0.0009750000003805,-3.106250000328714,22799.840925005265,-90.12499795102266,0.002,6.0,10.0,180.0,0.3281247000000001,-4.9873048,-0.4873044,-0.5808838,-4.990769858185977e-63,6.830167857101292e-63,2.0119941783668384e-63,8.459301886559838e-63,0.0
10697,213.939,-1.1480057,164.5605225,386.7800294,1601207.1248993005,-1.148045,164.509736,386.7828822,1601217.447453,-0.0013048000000001,-1.9891442,0.6820663999999999,22800.0,-3.940000000000069e-05,-0.0168788999999999,-3.799999999999896e-05,0.0,0.0090499999999993,-4.031250000001422,-2.623774999999995,158.44999999998777,0.0354000000001519,22.88125000013963,22799.61777499412,4.293749224927888,0.002,6.0,10.0,180.0,0.3261719,-5.6123048,-0.2656248,-0.5860106,-2.4953849290929883e-63,3.415083928550646e-63,1.0059970891834192e-63,4.229650943279919e-63,0.0
10698,213.959,-1.1480715,164.5290274,386.7980429,1601663.1231598,-1.148045,164.499981,386.8275851,1601673.447453,0.0008765999999998,-0.8783875999999997,4.6375478,22800.0,2.649999999999931e-05,-0.0263500999999999,-0.0076768999999999,0.0,-0.0075500000000061,5.437500000000935,-0.901624999999484,63.48124999995264,2.286625000000697,196.7812500001997,22800.16705000308,94.40625144594595,0.002,6.0,10.0,180.0,0.3281250000000001,-5.083496200000001,1.5957031999999998,-0.6003661,-1.2476924645464942e-63,1.707541964275323e-63,5.029985445917096e-64,2.1148254716399598e-63,0.0
10699,213.979,-1.1479989,164.5142559,386.9336505,1602119.1229996,-1.148045,164.499981,387.0821216000001,1602129.447453,-0.0015327000000001,-0.4758409999999998,21.975905,22800.0,-4.610000000000069e-05,-0.0142752999999999,-0.0575276,0.0,0.0097250000000048,-5.368750000001024,-0.5859250000000316,20.268749999985403,14.751449999998556,1142.2062499995889,22800.28727499885,-17.16875121968551,0.002,6.0,10.0,180.0,0.3315427000000001,-4.9453124,5.5864258,-0.5947266,-6.238462322732471e-64,8.537709821376615e-64,2.514992722958548e-64,1.0574127358199796e-63,0.0
10700,213.999,-1.147997,164.50643080000003,387.4976367,1602575.1246246,-1.148045,164.499981,387.9166581,1602585.447453,-0.0015976000000001,-0.2150012999999998,55.92757829999999,22800.0,-4.800000000000069e-05,-0.0064498999999999,-0.2089773999999999,0.0,0.0037000000000009,5.062499999999866,-0.2605000000002633,15.368749999922215,43.883075000000815,1851.4437500002143,22799.926750001032,-141.618748603321,0.002,6.0,10.0,180.0,0.3339842,-4.8862304000000005,9.130371,-0.5967774,-3.1192311613662354e-64,4.268854910688307e-64,1.257496361479274e-64,5.2870636790998994e-64,0.0
10701,214.019,-1.1480167,164.5028222,388.8154278,1603031.1243272,-1.148045,164.499981,389.7242612,1603041.447453,-0.0009467000000001,-0.0947213999999998,107.0318154,22800.0,-2.830000000000069e-05,-0.0028417999999999,-0.3942501,0.0,-0.0019749999999985,-4.387499999999869,-0.0917999999998642,11.906250000137677,91.37622499999908,2821.2875000001245,22799.737925000954,133.0374987442723,0.002,6.0,10.0,180.0,0.3393553000000001,-4.8935547,13.387695400000002,-0.6188233000000001,-1.5596155806831177e-64,2.1344274553441537e-64,6.28748180739637e-65,2.6435318395499494e-64,0.0
10702,214.03900000000004,-1.1480048,164.5013251,391.2167763,1603487.1262955,-1.148045,164.499981,392.7571645,1603497.447453,-0.0013371000000001,-0.0448189999999998,164.05257969999997,22800.0,-4.0200000000000686e-05,-0.0013445999999999,-0.5727272999999999,0.0,-0.0087750000000053,6.037500000001536,-0.0471250000003919,-3.4187500000726345,148.7260500000005,2893.9312499996818,22800.32157500391,38.63125020831139,0.002,6.0,10.0,180.0,0.3447264,-4.8745117,14.0512695,-0.6198487,-7.798077903415588e-65,1.0672137276720768e-64,3.143740903698185e-65,1.3217659197749748e-64,0.0
10703,214.05900000000003,-1.1479814,164.5004971,394.786087,1603943.1273025,-1.148045,164.499981,397.0500344,1603953.447453,-0.0021185000000001,-0.0172146999999998,223.87122170000004,22800.0,-6.36000000000007e-05,-0.0005164999999999,-0.668168,0.0,-0.0007250000000014,-5.556250000000864,-0.0424750000000528,0.0,208.65307499999943,3010.912500000273,22800.201424997067,-77.2500003226356,0.002,6.0,10.0,180.0,0.3457031,-4.8749999,14.852538999999998,-0.5911377,-3.899038951707794e-65,5.336068638360384e-65,1.5718704518490925e-65,6.608829598874873e-65,0.0
10704,214.079,-1.1480264,164.5001398,399.5642109,1604399.126799,-1.148045,164.499981,402.6029042,1604409.447453,-0.0006211000000001,-0.0053007999999998,285.3960813,22800.0,-1.8600000000000696e-05,-0.0001588999999999,-0.7124223000000001,0.0,0.0058500000000016,3.725000000000264,-0.0136749999995799,4.331249999900422,269.5178249999998,3097.781250000153,22799.737925000954,-90.1249994062142,0.002,6.0,10.0,180.0,0.3496093000000001,-4.8916015,15.2587891,-0.577295,-1.949519475853897e-65,2.668034319180192e-65,7.859352259245462e-66,3.304414799437437e-65,0.0
10705,214.099,-1.148,164.5000019,405.5808085,1604855.1254029,-1.148045,164.499981,409.4157738,1604865.447453,-0.0015000000000001,-0.0007375999999998,347.6384876,22800.0,-4.500000000000069e-05,-2.149999999999757e-05,-0.7351500999999999,0.0,-0.002924999999998,-5.431250000000047,0.0053749999999297,1.5875000000775683,332.0734750000014,3091.068750000048,22799.80660000001,167.37499972765582,0.002,0.0,10.0,180.0,0.3505857,-4.9086914,15.4453125,-0.5967772,-9.747597379269488e-66,1.334017159590096e-65,3.929676129622731e-66,1.6522073997187186e-65,0.0
10706,214.119,-1.1480665,164.49996979999997,412.840503,1605311.1253113,-1.148045,164.499981,417.4829756,1605321.447453,0.0006812999999998,0.0003632000000001,408.9613334,22800.0,2.1399999999999304e-05,1.0900000000002438e-05,-0.7409819,0.0,0.0043999999999988,4.518750000001579,0.005849999999441,-7.4375000000515,394.2575999999988,3117.118749999648,22800.184249994345,8.58124985785471,0.002,0.0,10.0,180.0,0.3505858,-4.9179687,15.4174804,-0.5937012,-4.873798689634744e-66,6.67008579795048e-66,1.9648380648113656e-66,8.261036998593593e-66,0.0
10707,214.139,-1.1480439,164.4999004,421.2972667,1605767.1260435998,-1.148045,164.499981,426.6660938,1605777.447453,-3.4900000000177885e-05,0.0026744000000001,457.6978217,22800.0,-1.1000000000006963e-06,8.030000000000244e-05,-0.7097834,0.0,-0.0022000000000022,-0.8562500000017146,-0.0158749999997098,2.19374999996802,448.2692750000012,2252.018750000317,22800.184250005987,-145.90624923624782,0.002,0.0,10.0,180.0,0.351074,-4.9301758,11.724121,-0.5890869,-2.436899344817372e-66,3.33504289897524e-66,9.824190324056828e-67,4.1305184992967964e-66,0.0
10708,214.159,-1.1481572999999998,164.4998399,430.6604082,1606223.1258835,-1.148045,164.499981,436.60398590000005,1606233.447453,0.0037409999999998,0.0046928000000001,489.7429497,22800.0,0.0001122999999999,0.0001407,-0.5806702,0.0,0.0004750000000053,1.16250000000013,0.0061250000001678,4.5124999999757165,484.8185999999999,1312.2562500001322,22799.70360000152,21.45624894143329,0.002,0.0,10.0,180.0,0.3437499,-4.9482421,7.833984599999999,-0.6060059000000001,-1.2184496724086857e-66,1.66752144948762e-66,4.912095162028414e-67,2.0652592496483982e-66,0.0
10709,214.179,-1.148042,164.4998956,440.5697277,1606679.1266847,-1.148045,164.499981,446.8967117,1606689.447453,-0.0001326000000001,0.0028106000000001,504.0779655,22800.0,-3.000000000000691e-06,8.520000000000242e-05,-0.3829079999999999,0.0,-0.0190500000000037,-2.9999999999988285,0.0051250000005609,-0.3062499999373358,503.8444999999996,571.8937500002852,22800.1156000013,102.99374989659772,0.002,0.0,10.0,180.0,0.3417969000000001,-4.9536133,4.058593800000001,-0.6260009999999999,-6.09224836204343e-67,8.3376072474381e-67,2.456047581014207e-67,1.0326296248241991e-66,0.0
10710,214.199,-1.1480919,164.4999844,450.6811923,1607135.1287903,-1.148045,164.499981,457.1443628,1607145.447453,0.0015597999999998,-0.0001250999999998,498.8427215,22800.0,4.68999999999993e-05,-3.699999999997567e-06,-0.1724385,0.0,0.0246500000000038,-0.4250000000011102,-7.105427357601002e-13,-9.393749999908607,503.2568249999997,-566.1500000002206,22800.3387249948,-8.587499906241282,0.002,0.0,10.0,180.0,0.3276367000000001,-4.9580079,-0.7250976,-0.6075440000000001,-3.046124181021714e-67,4.16880362371905e-67,1.2280237905071035e-67,5.1631481241209955e-67,0.0
10711,214.219,-1.1481847,164.4998691,460.5838097,1607591.1291107,-1.148045,164.499981,466.94700730000005,1607601.447453,0.0046199999999998,0.0037161000000001,474.4018173,22800.0,0.0001395999999999,0.0001116,0.061842,0.0,-0.0112250000000035,4.706250000000032,-0.0092999999999676,4.699999999857596,484.111575,-1431.2187500006955,22799.8924250016,-102.99374989739373,0.002,0.0,10.0,180.0,0.3281249,-4.9682616,-4.8354493,-0.5793457,-1.523062090510857e-67,2.084401811859525e-67,6.140118952535517e-68,2.581574062060497e-67,0.0
10712,214.239,-1.1480861,164.4999169,469.9054327,1608047.128401,-1.148045,164.499981,475.9053913,1608057.447453,0.0013324999999998,0.0021209000000001,430.1530151,22800.0,4.1099999999999305e-05,6.360000000000244e-05,0.2921113,0.0,0.0009749999999975,-3.300000000000516,0.0010000000003174,3.668749999974352,444.3972250000016,-2476.8062499994417,22799.56627499778,21.45624894143329,0.002,0.0,10.0,180.0,0.3256836000000001,-4.973633,-9.5429688,-0.5849853,-7.615310452554286e-68,1.0422009059297624e-67,3.0700594762677587e-68,1.2907870310302487e-67,0.0
10713,214.259,-1.1480518,164.4999923,478.25916020000005,1608503.126387,-1.148045,164.499981,483.6926085,1608513.447453,0.0002251999999998,-0.0003853999999998,375.017382,22800.0,6.7999999999993005e-06,-1.1499999999997564e-05,0.512645,0.0,-0.0085249999999981,1.5937499999993476,0.0151500000001192,-2.5687499999094143,389.87302499999856,-2813.475000000309,22800.149925000733,90.12500231580124,0.002,0.0,10.0,180.0,0.3212892000000001,-4.972656199999999,-11.3706055,-0.6003661,-3.807655226277143e-68,5.211004529648813e-68,1.5350297381338794e-68,6.4539351551512436e-68,0.0
10714,214.279,-1.1481171,164.4999766,485.48347170000005,1608959.1267076,-1.148045,164.499981,490.221193,1608969.447453,0.0024061999999998,0.0001089000000001,316.1255916,22800.0,7.20999999999993e-05,4.100000000002441e-06,0.6358914,0.0,0.0146250000000014,-3.056249999998363,-0.0129499999999893,-3.0562500000996806,331.71605,-3026.856249999454,22800.32157500391,-12.881250586758688,0.002,0.0,10.0,180.0,0.3149414,-4.971191500000001,-12.2749023,-0.5895996,-1.9038276131385714e-68,2.6055022648244063e-68,7.675148690669397e-69,3.2269675775756214e-68,0.0
10715,214.29900000000004,-1.1481084,164.49991010000002,491.5104239,1609415.1283327,-1.148045,164.499981,495.4897771,1609425.447453,0.0021131999999998,0.0023491000000001,255.146666,22800.0,6.33999999999993e-05,7.070000000000245e-05,0.6965236,0.0,-0.0072999999999989,6.281249999999527,-0.01172500000024,4.881250000110526,270.92044999999985,-3066.2250000006,22799.840924993623,-137.33125233596874,0.002,0.0,10.0,180.0,0.3183593000000001,-4.9790042,-12.5834961,-0.5921632,-9.519138065692855e-69,1.3027511324122032e-68,3.8375743453346974e-69,1.6134837887878107e-68,0.0
10716,214.319,-1.1480031,164.499954,496.3088750999999,1609871.1274855002,-1.148045,164.499981,499.4983617,1609881.447453,-0.0014345000000001,0.0008841000000001,193.1177726,22800.0,-4.190000000000069e-05,2.650000000000244e-05,0.7256566999999999,0.0,-0.0034250000000013,-7.924999999998894,0.0175750000003915,2.137499999932402,208.81444999999985,-3111.3312499996937,22799.80657499982,141.62500301569017,0.002,0.0,10.0,180.0,0.3164062000000001,-4.9833986,-12.8916014,-0.6167725,-4.759569032846429e-69,6.513755662061016e-69,1.9187871726673487e-69,8.067418943939053e-69,0.0
10717,214.339,-1.1480946,164.49999889999998,499.8638487,1610327.1300033,-1.148045,164.499981,502.2476814,1610337.447453,0.0016251999999998,-0.0006132999999998,130.86085020000002,22800.0,4.959999999999931e-05,-1.8499999999997566e-05,0.7382676,0.0,0.0114749999999996,6.287500000000399,0.0063499999995997,-5.243749999728209,146.5038750000005,-3133.6062499999425,22800.35592500353,8.581248402663187,0.002,0.0,10.0,180.0,0.3110352000000001,-4.9804687,-13.118652400000002,-0.6162599,-2.3797845164232143e-69,3.256877831030508e-69,9.593935863336746e-70,4.0337094719695267e-69,0.0
10718,214.359,-1.1480488,164.499955,502.188079,1610783.1305298,-1.148045,164.499981,503.8105643999999,1610793.447453,0.0001276999999998,0.0008515000000001,77.288561,22800.0,3.699999999999304e-06,2.540000000000244e-05,0.7289429000000001,0.0,-0.0056250000000035,-3.481250000002258,-0.0171000000001697,-0.4875000000126306,88.24757499999976,-2490.8375000002534,22800.149925000733,-64.36874828108338,0.002,0.0,10.0,180.0,0.3149415000000001,-4.981933499999999,-10.5454102,-0.5937012,-1.1898922582116071e-69,1.628438915515254e-69,4.796967931668373e-70,2.0168547359847639e-69,0.0
10719,214.379,-1.1480275,164.49993460000002,503.5111896,1611239.1298889995,-1.148045,164.499981,504.4992513,1611249.447453,-0.0005884000000001,0.0015412000000001,39.8321502,22800.0,-1.7500000000000696e-05,4.620000000000242e-05,0.6186176999999999,0.0,0.0073250000000024,2.8687499999999297,0.0021999999994193,5.062499999652914,46.589349999999286,-1703.681250000244,22799.755074997665,-94.41875154192311,0.002,0.0,10.0,180.0,0.3139649000000001,-4.9887695,-6.975097699999999,-0.5783202999999999,-5.949461291058036e-70,8.14219457757627e-70,2.3984839658341865e-70,1.0084273679923818e-69,0.0
10720,214.39900000000003,-1.1480244,164.4999366,504.1647217,1611695.1282867002,-1.1479597,164.5000818,504.7120796,1611705.447453,0.0540238999999998,0.0661180000000001,19.9941133,22800.0,-2.0600000000000697e-05,4.400000000000244e-05,0.4423201,0.0,-0.0099999999999988,-3.66875000000071,0.01172500000024,2.562500000280465,22.09107500000016,-748.4124999997732,22799.70362500171,175.95625104110005,0.002,0.0,10.0,180.0,0.3164064000000001,-4.9912109,-2.8559569,-0.5967772,-2.974730645529018e-70,4.071097288788135e-70,1.1992419829170932e-70,5.042136839961909e-70,0.0
10721,214.419,-1.1436825,164.5065801,504.4988653,1612151.1279890998,-1.1310472,164.5200548,504.7747145,1612161.447453,1.9459392,2.2498115000000003,9.2990925,22800.0,-0.0027587,-0.0047053999999999,0.2440956,0.0,0.926775000000002,136.2312500000004,1.3171500000005665,149.83749999988305,11.998525000001337,-533.3249999999623,22800.23572500213,-4.287502088516339,0.002,0.0,10.0,180.0,-0.611328,-5.961914,-1.5869141,-0.5972899,-1.487365322764509e-70,2.0355486443940674e-70,5.996209914585466e-71,2.5210684199809545e-70,0.0
10722,214.439,-1.0939981,164.565624,504.6423993,1612607.1291336,-1.0452757,164.6213463,504.77999,1612617.447453,7.5767849,8.887272200000002,4.563204900000001,22800.0,-0.0189525,-0.0241984999999999,0.1368962,0.0,4.412575000000002,281.3812500000013,5.300524999999823,413.4499999997487,4.467524999998318,-23.4312500001721,22800.21859999979,-120.1624996614897,0.002,0.0,10.0,180.0,-1.8764649,-7.378417999999999,0.2602539,-0.5885742,-7.436826613822545e-71,1.0177743221970336e-70,2.998104957292733e-71,1.2605342099904773e-70,0.0
10723,214.459,-0.8916970999999998,164.8185438,504.7202920000001,1613063.129042,-0.6976376,165.0318907,504.77999,1613073.447453,26.7887774,31.1086446,1.9899336,22800.0,-0.0776731,-0.1075571999999999,0.059698,0.0,19.139174999999994,1199.63125,22.949200000000047,1306.893750000171,2.252450000001716,-202.88125000007545,22799.6864249988,4.287500632528827,0.002,0.0,10.0,180.0,-6.7397459,-11.6259764,-0.0205078,-0.6095948000000001,-3.718413306911272e-71,5.088871610985169e-71,1.4990524786463666e-71,6.302671049952386e-71,0.0
10724,214.479,-0.2343194,165.5962031,504.7499512,1613519.1302551,0.24274,166.1424316,504.77999,1613529.447453,60.2098898,70.53315110000001,1.0012943,22800.0,-0.218058,-0.2746719999999999,0.0300389,0.0,48.1477,1734.9312500000003,57.8374249999996,2186.6437500001725,1.458249999998884,-22.768749999713123,22800.25289999903,94.41250149353657,0.002,0.0,10.0,180.0,-9.9423829,-15.8779297,0.6547853,-0.6249756,-1.859206653455636e-71,2.5444358054925847e-71,7.495262393231833e-72,3.151335524976193e-71,0.0
10725,214.499,1.148874,167.2465566,504.7659394,1613975.1320174,2.0937439,168.3283793,504.77999,1613985.447453,106.3009505,124.4022319,0.4683515,22800.0,-0.3736186,-0.4752496,0.0140506,0.0,93.3291,2593.9375,109.56982500000052,2815.9187500000016,0.2963750000006371,8.118750000463137,22800.201424997067,-8.587501361432805,0.002,0.0,10.0,180.0,-14.6464844,-19.17334,0.7094727,-0.6095948,-9.29603326727818e-72,1.2722179027462921e-71,3.747631196615917e-72,1.5756677624880966e-71,0.0
10726,214.519,3.5084951,170.0105127,504.7743515,1614431.1317885998,5.0023099,171.763257,504.77999,1614441.447453,154.8755643,182.5213416,0.187948,22800.0,-0.5167833,-0.6216763000000001,0.0056385,0.0,141.687025,2336.787500000002,167.08689999999962,2969.5374999997525,0.2888249999998038,-37.65625000049511,22799.840924999444,-77.24375027504502,0.002,0.0,10.0,180.0,-13.8281251,-19.8481446,0.6923828999999999,-0.5829346,-4.64801663363909e-72,6.361089513731462e-72,1.8738155983079585e-72,7.878338812440483e-72,0.0
10727,214.53900000000004,6.840543000000001,173.9537841,504.7767519,1614887.1314224,8.977810999999999,176.4581346,504.77999,1614897.447453,206.5538497,243.2748806,0.1079348,22800.0,-0.566838,-0.6890702,0.0032381,0.0,192.970925,2694.581249999994,227.6694500000005,3087.2187500001755,0.1687000000003991,10.193750000198063,22799.63495000265,-8.581249858650699,0.002,0.0,10.0,180.0,-15.6518556,-20.5209962,0.7939453999999999,-0.5844725,-2.324008316819545e-72,3.1805447568657304e-72,9.369077991539792e-73,3.939169406220242e-72,0.0
10728,214.55900000000003,11.2284883,179.1236104,504.7789541,1615343.1296142,14.0202479,182.4130124,504.77999,1615353.447453,258.60006660000005,305.1432655,0.03453,22800.0,-0.6058546,-0.7230186,0.0010359,0.0,245.146,2589.1125000000006,289.3803499999997,3096.0125000000003,0.0141749999997387,-4.943749999952729,22800.149925000733,94.41874863074408,0.002,0.0,10.0,180.0,-15.1386719,-20.8383789,0.7143553999999999,-0.6019042000000001,-1.1620041584097726e-72,1.5902723784328652e-72,4.684538995769896e-73,1.969584703110121e-72,0.0
10729,214.579,16.658922999999998,185.5346631,504.7796272,1615799.1295228,20.1296201,189.62789,504.77999,1615809.447453,311.4611623,367.6374284,0.0121017,22800.0,-0.620425,-0.7381937000000001,0.0003628,0.0,298.277825,2662.224999999985,351.897975,3116.581249999761,0.0219749999999407,-0.6812500004116373,22800.33872500062,-4.2999992733144605,0.002,0.0,10.0,180.0,-15.7968751,-20.9921875,0.7050780999999999,-0.5916503000000001,-5.810020792048863e-73,7.951361892164326e-73,2.342269497884948e-73,9.847923515550605e-73,0.0
10730,214.599,23.1503066,193.1967843,504.7799765000001,1616255.1308731,27.3059277,198.1027677,504.77999,1616265.447453,364.52179880000006,430.4293161,0.0004477999999999,22800.0,-0.6290093000000001,-0.7444371,1.3500000000011106e-05,0.0,350.78125,2651.743750000013,414.4396750000005,3156.1812500003225,0.0200250000006008,-4.325000000093837,22799.85810000217,-120.1624996614897,0.002,0.0,10.0,180.0,-15.7265626,-21.1123045,0.6899415999999999,-0.5942139,-2.9050103960244315e-73,3.975680946082163e-73,1.171134748942474e-73,4.9239617577753024e-73,0.0
10731,214.619,30.7014073,202.1166259,504.7800702,1616711.1302322,35.5439656,207.831498,504.77999,1616721.447453,416.4910843,491.7241829999999,-0.0026771,22800.0,-0.6303844,-0.7484125,-8.01999999999889e-05,0.0,404.243425,2610.7812499999595,477.2844249999998,3033.51249999988,0.0048499999991236,0.1187500000554564,22799.755099997856,133.03750019946384,0.002,0.0,10.0,180.0,-15.676757599999998,-20.7587891,0.6762695999999999,-0.6213868,-1.4525051980122157e-73,1.9878404730410812e-73,5.855673744712369e-74,2.4619808788876512e-73,0.0
10732,214.639,39.2685245,212.2230342,504.7801386,1617167.1329559,44.7235279,218.6721237,504.77999,1617177.447453,457.5266216,540.5501705999999,-0.0049556999999999,22800.0,-0.6039739,-0.7062738,-0.0001485999999999,0.0,449.88380000000006,1859.3062500000383,530.5988749999997,2248.718749999944,0.0207750000001283,4.337500000062278,22800.32157499809,25.750001077142223,0.002,0.0,10.0,180.0,-11.8505861,-17.1782228,0.6523437000000001,-0.620874,-7.262525990061079e-74,9.939202365205407e-74,2.927836872356185e-74,1.2309904394438254e-73,0.0
10733,214.659,48.5912794,223.2302978,504.7802423,1617623.1332764,54.5374642,230.2619156,504.77999,1617633.447453,484.676801,572.6954331999999,-0.0084061999999999,22800.0,-0.4870557,-0.5657333,-0.0002522999999999,0.0,480.1953,1207.2187500000268,567.0962250000002,1401.975000000101,0.0007499999995275,-1.8937499998372689,22800.21857500542,-107.2937506255017,0.002,0.0,10.0,180.0,-8.212890699999999,-13.313476499999998,0.6191407,-0.5972899999999999,-3.631262995030539e-74,4.969601182602704e-74,1.4639184361780925e-74,6.154952197219127e-74,0.0
10734,214.679,58.3874191,234.7934443,504.7803146,1618079.1333907,64.6492571,242.2034613,504.77999,1618089.447453,496.9988397,587.4347777,-0.010815,22800.0,-0.3276581,-0.371864,-0.0003245999999999,0.0,496.6135249999999,412.3437499999667,586.1466999999998,508.4249999999429,-0.0151499999986981,-3.3000000001948138,22799.755099997856,-64.36250114387585,0.002,0.0,10.0,180.0,-4.0004885,-9.3251954,0.5927735000000001,-0.5767822,-1.8156314975152697e-74,2.484800591301352e-74,7.319592180890463e-75,3.077476098609564e-74,0.0
10735,214.699,68.37243070000001,246.58843450000003,504.78027140000006,1618535.1315825998,74.8102841,254.20315,504.77999,1618545.447453,502.4983377,593.8238497,-0.0093826999999999,22800.0,-0.1669854,-0.1852844,-0.0002813999999999,0.0,501.3493500000001,231.08124999988604,592.5754499999996,262.9437499999568,-0.0058750000007989,2.5000000000829914,22799.7035999957,158.78124977422195,0.002,0.0,10.0,180.0,-2.7978514,-8.0156251,0.5600586,-0.5947264000000001,-9.078157487576348e-75,1.242400295650676e-74,3.6597960904452314e-75,1.5387380493047818e-74,0.0
10736,214.719,78.4458945,258.48911710000004,504.7802461,1618991.1313539,84.9715745,266.20315,504.77999,1619001.447453,505.4258859,597.1344271,-0.0085364999999999,22800.0,-0.0791589,-0.0859670999999999,-0.0002560999999999,0.0,505.465825,90.82500000019422,596.948000000001,143.4375000000557,0.0014750000005392,-4.812499999928832,22800.270100001944,4.293752135310934,0.002,0.0,10.0,180.0,-2.2768555,-7.425292999999999,0.5415039,-0.5957517999999999,-4.539078743788174e-75,6.21200147825338e-75,1.8298980452226154e-75,7.693690246523909e-75,0.0
10737,214.739,88.5662871,270.4445275,504.7801485,1619447.1324981998,95.1328646,278.20315,504.77999,1619457.447453,506.7891426,598.6207554,-0.0052813,22800.0,-0.0382611,-0.0413774999999999,-0.0001584999999999,0.0,506.4848750000003,75.68749999995532,598.4794999999992,26.11875000013697,-0.0200250000006008,3.5937499998084377,22800.13272499782,-111.581249803237,0.002,0.0,10.0,180.0,-1.9736329,-7.096191500000001,0.5258789,-0.5875488,-2.269539371894087e-75,3.10600073912669e-75,9.149490226113075e-76,3.846845123261954e-75,0.0
10738,214.759,98.7074951,282.4231095,504.7801632,1619903.1321319,105.29415509999998,290.20315,504.77999,1619913.447453,507.4585539,599.3346877,-0.0057696,22800.0,-0.0181788,-0.0199594999999999,-0.0001731999999999,0.0,507.5497999999996,24.956249999962665,599.2238749999999,32.09999999960189,0.0166000000007215,1.0937500000807177,22799.720775004243,-8.581251313842222,0.002,0.0,10.0,180.0,-1.8295898,-6.9208985,0.5209959,-0.6054932,-1.1347696859470435e-75,1.5530003695633452e-75,4.574745113056538e-76,1.923422561630977e-75,0.0
10739,214.779,108.8620568,294.41381149999995,504.78013870000007,1620359.1329331,115.4554454,302.20315,504.77999,1620369.447453,507.6828479,599.6446159,-0.0049557,22800.0,-0.0114501,-0.0106614999999999,-0.0001486999999999,0.0,507.7795500000004,3.662499999990132,599.9052750000004,55.66249999979789,0.0014749999991181,-5.73124999974084,22800.18425000017,124.46250038880171,0.002,0.0,10.0,180.0,-1.6860350999999998,-6.973144499999999,0.5102539,-0.6265137000000001,-5.673848429735218e-76,7.765001847816725e-76,2.287372556528269e-76,9.617112808154885e-76,0.0
10740,214.79900000000004,119.0183418,306.4098478,504.7800049,1620815.1354507,125.6167356,314.20315,504.77999,1620825.447453,507.8496853,599.7767448000001,-0.0005148999999999,22800.0,-0.0064448,-0.0066977999999999,-1.4899999999988902e-05,0.0,507.9343249999997,11.475000000072557,599.7175,-40.83124999958443,-0.0148999999993293,10.49374999979591,22800.270099996123,-47.21249861216857,0.002,0.0,10.0,180.0,-1.7807619000000003,-6.8173829,0.5073242,-0.602417,-2.836924214867609e-76,3.8825009239083617e-76,1.1436862782641345e-76,4.8085564040774425e-76,0.0
10741,214.819,129.17831139999998,318.4084443,504.7801005,1621271.1346041,135.778026,326.20315,504.77999,1621281.447453,507.8937059,599.8235222,-0.0036862,22800.0,-0.0051243999999999,-0.0052942999999999,-0.0001104999999999,0.0,507.9558000000003,-27.400000000099567,599.893575,29.96875000000898,0.0329499999992322,-4.881249999755255,22799.875224998686,-72.96250260009182,0.002,0.0,10.0,180.0,-1.5913087,-6.7548826,0.5087889999999999,-0.5834471999999999,-1.4184621074338044e-76,1.9412504619541808e-76,5.7184313913206725e-77,2.4042782020387216e-76,0.0
10742,214.839,139.3346737,330.4062061,504.7800731,1621727.1344437,145.9393164,338.20315,504.77999,1621737.447453,508.057974,599.8981315,-0.0027746999999999,22800.0,-0.0001961999999999,-0.0030560999999999,-8.309999999998891e-05,0.0,507.8686499999996,33.20625000000632,600.0004750000002,35.64374999989184,-0.0278250000008029,-8.968750000448722,22799.600625003222,0.0062500471925886,0.002,0.0,10.0,180.0,-1.7407226999999998,-6.8886718,0.5043946,-0.5819091000000001,-7.092310537169022e-77,9.706252309770906e-77,2.8592156956603366e-77,1.2021391010193608e-76,0.0
10743,214.859,149.4978849,342.4068212,504.7799239,1622183.1330473998,156.10060660000002,350.20315,504.77999,1622193.447453,507.993952,599.8776237,0.0022058,22800.0,-0.0021169,-0.0036711999999999,6.61000000000111e-05,0.0,508.1931250000004,-20.881249999860074,599.9514250000004,-79.35000000003356,-0.0055999999986511,15.075000000308592,22800.11557500111,85.83125018009233,0.002,0.0,10.0,180.0,-1.5791016,-6.7456054,0.5126953999999999,-0.5993407,-3.546155268584511e-77,4.853126154885453e-77,1.4296078478301683e-77,6.010695505096804e-77,0.0
10744,214.879,159.6570724,354.4055019,504.78002559999993,1622639.1328873,166.26189689999998,362.20315,504.77999,1622649.447453,508.064047,599.9216015,-0.0011797,22800.0,-1.420000000000001e-05,-0.0023518999999999,-3.5599999999988885e-05,0.0,507.9936499999996,22.03124999979877,599.9157749999995,47.9125000001801,0.0258500000001049,-2.1999999997746045,22800.35589999752,-8.58749845104976,0.002,0.0,10.0,180.0,-1.8554688,-6.7739257,0.5078125,-0.5931884000000001,-1.7730776342922555e-77,2.4265630774427264e-77,7.148039239150842e-78,3.005347752548402e-77,0.0
10745,214.89900000000003,169.8197989,366.4055664,504.7800948,1623095.1345809,176.42318740000002,374.20315,504.77999,1623105.447453,508.0161729,599.919453,-0.0034908,22800.0,-0.0014503,-0.0024163999999999,-0.0001047999999999,0.0,508.0415000000002,-19.593749999913257,600.1245249999996,-15.375000000261709,-0.0199999999992428,-7.318749999996044,22799.94392500376,-133.03750165545134,0.002,0.0,10.0,180.0,-1.5673828,-6.854491999999999,0.5004881999999999,-0.5916504,-8.865388171461278e-78,1.2132815387213632e-77,3.574019619575421e-78,1.502673876274201e-77,0.0
10746,214.919,179.977791,378.4060811,504.7799755,1623551.1333907,186.5844775,386.20315,504.77999,1623561.447453,508.1261093,599.9022982,0.0004617999999999,22800.0,0.0018477,-0.0029310999999999,1.4500000000011108e-05,0.0,507.9831500000004,24.16874999990881,599.9679999999998,-20.14374999959045,0.0024249999995618,6.224999999560055,22799.6864249988,137.33125087998124,0.002,0.0,10.0,180.0,-1.7836914,-6.754394499999999,0.5043945,-0.619336,-4.432694085730639e-78,6.066407693606816e-78,1.7870098097877104e-78,7.513369381371005e-78,0.0
10747,214.939,190.1410801,390.4044764,504.7800645,1624007.1360458,196.7449696,398.2022073,504.77999,1624017.447453,507.7304035,599.5671512,-0.002468,22800.0,-0.0001509,-0.0013263999999999,-7.449999999998888e-05,0.0,508.1616249999996,-20.50624999991868,600.0061000000003,46.94374999978379,0.0007499999995275,-3.5437499999346755,22800.338775001,42.91249933845611,0.002,0.0,10.0,180.0,-1.5571289,-6.8168944,0.4956054999999999,-0.6162599,-2.2163470428653194e-78,3.033203846803408e-78,8.935049048938552e-79,3.756684690685503e-78,0.0
10748,214.959,200.2830643,402.3775547,504.7800166,1624463.1368469,206.838404,410.1220731,504.77999,1624473.447453,499.4629695,589.9411273,-0.0008866,22800.0,0.0120204,0.0171696,-2.6599999999988893e-05,0.0,504.281975,-533.3187499998005,594.8644999999999,-714.1749999998837,-0.017574999999681,4.0937499999671445,22800.149925000733,-120.1624996614897,0.002,0.0,10.0,180.0,0.9477538999999998,-4.0146484,0.4921875,-0.5921630999999999,-1.1081735214326595e-78,1.516601923401704e-78,4.467524524469276e-79,1.8783423453427512e-78,0.0
10749,214.979,210.2042803,414.0830303,504.7801172,1624919.1353821,216.5954925,421.6447299,504.77999,1624929.447453,477.2915782,564.1247011,-0.0042583,22800.0,0.104028,0.1368345,-0.0001271999999999,0.0,485.2082750000001,-1281.5562500003707,573.0586000000003,-1464.2937499999675,0.0202749999999696,-2.749999999451802,22799.772249994567,-47.20625001976951,0.002,0.0,10.0,180.0,5.0717773,-0.2636718,0.486328,-0.5813965,-5.540867607163299e-79,7.58300961700852e-79,2.233762262234638e-79,9.391711726713756e-79,0.0
10750,214.999,219.6122169,425.19018560000006,504.7801105,1625375.1354279,225.6786409,432.37149579999993,504.77999,1625385.447453,440.2704864,520.5102165999999,-0.0040117,22800.0,0.2553425,0.3186993,-0.0001204999999999,0.0,453.2589999999999,-1985.112499999708,534.2346249999991,-2403.9375000004525,0.0029249999997205,-5.249999999890065,22799.77225000621,150.20625141875135,0.002,0.0,10.0,180.0,8.7934569,3.8959961,0.4785156,-0.5947264999999999,-2.7704338035816487e-79,3.79150480850426e-79,1.116881131117319e-79,4.695855863356878e-79,0.0
10751,215.019,228.224544,435.34644720000006,504.780044,1625831.134581,233.79382680000003,441.9551436,504.77999,1625841.447453,392.980314,465.1456594,-0.0018169,22800.0,0.4128676999999999,0.5192159000000001,-5.39999999999889e-05,0.0,405.86525000000006,-2566.0937499999645,480.0210000000008,-2878.6562499998777,-0.0131999999993581,4.512499999620445,22800.16709999764,-12.875000539168104,0.002,0.0,10.0,180.0,11.8671875,6.0400392,0.4736326999999999,-0.5916504,-1.3852169017908246e-79,1.89575240425213e-79,5.584405655586595e-80,2.347927931678439e-79,0.0
10752,215.03900000000004,235.8417012,444.3673214,504.7799921,1626287.1355881,240.8447203,450.2819132000001,504.77999,1626297.447453,343.8702333,406.30319010000005,-7.290000000000002e-05,22800.0,0.5399684,0.6439418,-2.0999999999888893e-06,0.0,356.6440499999999,-2389.406250000192,421.6786999999997,-2971.687499999832,0.0041749999994067,2.87499999984675,22800.25289999903,-102.9999999449843,0.002,0.0,10.0,180.0,11.3203126,6.7749024,0.4726563,-0.5854981,-6.926084508954123e-80,9.47876202126065e-80,2.792202827793297e-80,1.1739639658392195e-79,0.0
10753,215.05900000000003,242.4760605,452.1975057000001,504.7800897,1626743.1350157,246.8286782,457.3486825,504.77999,1626753.447453,291.9603478,345.1560168,-0.0033280999999999,22800.0,0.5830752,0.6995266,-9.969999999998888e-05,0.0,305.6362249999999,-2699.037500000045,360.9047750000002,-3084.162500000431,-0.0009999999988963,-3.531249999966235,22799.6864249988,21.4625004442154,0.002,0.0,10.0,180.0,12.7753906,7.2133789,0.4711914999999999,-0.6044677999999999,-3.4630422544770616e-80,4.739381010630325e-80,1.3961014138966487e-80,5.8698198291960976e-80,0.0
10754,215.079,248.0563944,458.79708,504.77997970000007,1627199.1364348,251.7457007,463.15545170000007,504.77999,1627209.447453,239.6201262,283.02918650000004,0.0003502,22800.0,0.6132717,0.7257214000000001,1.0300000000011114e-05,0.0,252.89500000000007,-2601.075000000108,298.9939000000007,-3105.8937499995664,-0.0031750000005104,3.768749999721877,22800.149925000733,115.86874898017632,0.002,0.0,10.0,180.0,12.3286134,7.4521483,0.4682616,-0.6234375,-1.7315211272385308e-80,2.369690505315162e-80,6.980507069483244e-81,2.9349099145980488e-80,0.0
10755,215.099,252.5897518,464.1512452,504.78003899999993,1627655.1396394002,255.5957877,467.70222120000005,504.77999,1627665.447453,186.6146003,220.4159978,-0.0016539999999999,22800.0,0.6235092,0.7373259,-4.8999999999988885e-05,0.0,200.04642500000003,-2672.3562499999075,236.3322999999994,-3150.0937499998827,0.0046249999996916,-2.187499999806164,22800.32157500391,-68.65625036920173,0.002,0.0,10.0,180.0,12.9399415,7.6357421,0.4682616999999999,-0.5998536,-8.657605636192654e-81,1.184845252657581e-80,3.490253534741622e-81,1.4674549572990244e-80,0.0
10756,215.119,256.0604708,468.2493565,504.7800146000001,1628111.1383805,258.378939,470.9889905,504.77999,1628121.447453,133.4658553,157.6712639,-0.0008402999999999,22800.0,0.6294502000000001,0.7449838,-2.459999999998889e-05,0.0,147.20039999999912,-2630.256250000152,173.5151249999987,-3144.4625000002443,0.0105249999990064,0.3687499997795385,22799.823774996912,-60.09375065372078,0.002,0.0,10.0,180.0,12.8515624,7.7465819,0.4682617,-0.5778076999999999,-4.328802818096327e-81,5.924226263287905e-81,1.745126767370811e-81,7.337274786495122e-81,0.0
10757,215.139,258.4718858,471.0956476,504.7800429,1628567.1384949,260.1102347,473.0335682,504.77999,1628577.447453,83.04206339999999,98.1723431,-0.0017656999999999,22800.0,0.6280369,0.7447902000000001,-5.2899999999988885e-05,0.0,94.2004499999996,-2533.749999999557,111.76270000000127,-2888.131249999404,-0.0097749999994789,-4.581249999802139,22799.634925002465,17.175001266480102,0.002,0.0,10.0,180.0,12.459472600000002,6.9208984,0.4628905,-0.5798585,-2.1644014090481635e-81,2.9621131316439527e-81,8.725633836854055e-82,3.668637393247561e-81,0.0
10758,215.159,259.90682819999995,472.8072529,504.7799102,1629023.1363434,260.96308280000005,474.0407415,504.77999,1629033.447453,45.5001816,53.2702781,0.0026753,22800.0,0.5850084,0.6769688,7.980000000001111e-05,0.0,52.39112500000118,-1654.668749999999,62.411374999999225,-2055.5937500006394,-0.0146499999999605,4.637500000015393,22800.20139999688,68.66250041599633,0.002,0.0,10.0,180.0,8.2646485,3.3334959,0.4672850999999999,-0.5937011,-1.0822007045240815e-81,1.4810565658219766e-81,4.3628169184270273e-82,1.8343186966237803e-81,0.0
10759,215.179,260.6617166,473.6997020999999,504.7800049,1629479.1354965002,261.2631339,474.3950875000001,504.77999,1629489.447453,21.873922200000003,25.3367343,-0.0004960999999999,22800.0,0.4513840999999999,0.5182034,-1.4899999999988888e-05,0.0,25.071775000000684,-1051.2562500004208,29.81420000000128,-1180.543749999785,0.0070749999991903,-1.100000000064938,22800.252924999226,8.574999810264126,0.002,0.0,10.0,180.0,5.069336,-0.453125,0.4711912999999999,-0.5895997,-5.411003522620409e-82,7.405282829109883e-82,2.1814084592135137e-82,9.171593483118901e-82,0.0
10760,215.199,261.011834,474.11973350000005,504.7799121,1629935.1373275998,261.3344351,474.4792907,504.77999,1629945.447453,11.1081919,12.404267100000002,0.0025963999999999,22800.0,0.2881974,0.318928,7.790000000001111e-05,0.0,12.598874999999056,-332.218750000024,14.667950000000474,-513.9187499999309,0.0049000000004184,-0.7312499999301281,22799.85810000217,-141.6125000109219,0.002,0.0,10.0,180.0,1.2788086,-3.5629882000000004,0.4785153999999999,-0.5895997000000001,-2.7055017613102044e-82,3.702641414554941e-82,1.0907042296067568e-82,4.5857967415594507e-82,0.0
10761,215.219,261.1927217,474.3198818999999,504.7801846,1630391.1368240002,261.343606,474.4901209,504.77999,1630401.447453,4.9604067,5.59307,-0.0064857,22800.0,0.1488035999999999,0.1677817,-0.0001945999999999,0.0,5.367675000000816,-314.4562499997505,6.242674999998599,-237.4812499997603,0.0539500000002135,-2.806249999665056,22799.78942499729,115.86874898017632,0.002,0.0,10.0,180.0,1.1616211,-4.7465821,0.4780273,-0.6162598,-1.3527508806551022e-82,1.8513207072774707e-82,5.453521148033784e-83,2.2928983707797256e-82,0.0
10762,215.239,261.2673505,474.411171,504.7796943,1630847.1391357002,261.343606,474.490121,504.77999,1630857.447453,2.5418348,2.6316575,0.0098554,22800.0,0.0762552,0.0789498,0.0002957,0.0,3.1576999999998634,-29.29374999993684,3.121850000000848,-129.52500000018574,-0.0051249999998503,9.281249999659735,22800.35589999752,42.91250079364763,0.002,0.0,10.0,180.0,-0.392578,-5.2929688,0.4931642,-0.6177979,0.0,0.0,0.0,0.0,0.0
