Unnamed: 0,time,pos_x,pos_y,pos_z,pos_sp,cmd_pos_x,cmd_pos_y,cmd_pos_z,cmd_pos_sp,cmd_v_x,cmd_v_y,cmd_v_z,cmd_v_sp,cont_dev_x,cont_dev_y,cont_dev_z,cont_dev_sp,v_x,a_x,v_y,a_y,v_z,a_z,v_sp,a_sp,time_diff,f_x,f_y,f_z,a_p,a_e,cut_angle,curr_x,curr_y,curr_z,curr_sp,f_x_sim,f_y_sim,f_z_sim,f_sp_sim,materialremoved_sim
7144,148.06000000000003,-31.15707497346994,209.0885048645616,387.1600320395277,1042772.1546510444,-31.1587701621354,209.18467479828035,387.160008513573,1042937.9832810004,-0.094058357744736,7.380153611331778,-0.0017778145056994,28800.00000000001,-0.0004860591349881,0.0004076850136037,-1.0299299582822084e-05,0.0,-0.102615708427756,6.598084233017451,7.393893122301852,14.520193343626834,-0.0023598882251002,-2.8316925134674493,28800.21941599826,300.77593431556727,0.002,-0.045579036878579,-0.0017497331394023,-0.1342795639757548,6.0,10.0,180.0,0.5486756252337717,-5.939950163231491,-0.5110970648337811,-0.6180860292542713,3.045327235002773e-07,6.989819145714165e-07,3.153337474438057e-07,7.632047999183049e-07,1.275
7145,148.08,-31.1587734893696,209.23620595544057,387.1599812470825,1043348.155710447,-31.159864041058217,209.3320079788683,387.1599661647814,1043513.9832810004,-0.047670509799283,7.368404601187575,-0.0024732335131205,28800.00000000001,-0.0004838450129445,3.4678938451372e-05,1.6591609811184948e-05,0.0,-0.0556953392878769,0.3833851952192589,7.263996437578493,-12.081156042705183,0.0041142473994433,0.3993700150067408,28799.14575261705,-59.662619586957454,0.002,-0.0430693503326482,2.531405640450337e-05,-0.1669798127880611,6.0,10.0,180.0,0.5358313013571088,-5.853253204594564,-0.5111127522498492,-0.574797101246529,1.5226636175013866e-07,3.4949095728570826e-07,1.5766687372190286e-07,3.816023999591525e-07,1.275
7146,148.10000000000005,-31.15953196258016,209.37819564222136,387.1598880748164,1043924.1565159732,-31.160078314446345,209.45197041139744,387.1598864409715,1044089.9832810004,-0.0142323733166561,3.202215762059109,-0.0033061819072736,28800.00000000001,-0.0004948410115084,0.0048626359858061,5.5301460057668886e-05,0.0,-0.0175774677873416,-6.712922303619962,5.652871322556875,-423.1057395067863,-0.0167331952805298,2.706389407036918,28800.75477976361,-34.39130956489792,0.002,-0.0430258149823314,0.0025290285832101,-0.2778330551867237,6.0,10.0,180.0,0.5212925493119954,-4.198110105579569,-0.5091437338176173,-0.6089431546653954,7.613318087506933e-08,1.7474547864285413e-07,7.883343686095141e-08,1.9080119997957626e-07,1.275
7147,148.12000000000006,-31.159806421085097,209.4349489711869,387.16113217669823,1044500.1545621696,-31.16003600078116,209.48175325041376,387.173586276691,1044665.9832810004,-0.0080814045773937,1.279289141439016,1.9456781274191512,28800.00000000001,-0.0002530413896431,0.0335738625448134,-0.0009645464684591,0.0,0.0043941743680102,-3.1712625794011475,2.274169288403964,-143.08700615867687,0.5415230715936246,153.34707009078306,28799.66158929129,85.43729102506975,0.002,-0.0346623918564871,0.011960285139857,-0.6035959454999159,6.0,10.0,180.0,0.5127156218414002,-5.355601682185598,0.6558831872913384,-0.6118513456692527,3.8066590437534665e-08,8.737273932142706e-08,3.9416718430475714e-08,9.540059998978813e-08,1.275
7148,148.14000000000004,-31.16010473858424,209.45816042362463,387.2122874635128,1045076.1578171818,-31.160035107732504,209.48200411095232,387.2856214489684,1045241.9832810004,0.0023272356865159,0.7947221097994086,11.706180578163108,28800.00000000001,6.958427898308977e-05,0.0238467916104534,-0.0203266739928954,0.0,-0.0044496898780762,7.553746595465567,1.0334603179849045,-80.57522600219123,5.607771545821327,637.7663043750326,28800.527175179413,-360.6628852832275,0.002,-0.0453817893289268,0.0048141183110222,-0.9064525037900956,6.0,10.0,180.0,0.4962866549371334,-5.694978942424941,3.4129279728315525,-0.5833658771443488,1.9033295218767332e-08,4.368636966071353e-08,1.9708359215237854e-08,4.7700299994894066e-08,1.1250000000000002
7149,148.16000000000005,-31.160181116497817,209.4711102985003,387.5347600453812,1045652.1545463394,-31.16003504048972,209.4819994945217,387.8038465923397,1045817.9832810004,0.0048704941034309,0.3627996372862082,38.35378281511137,28800.00000000001,0.0001460386636521,0.0108922336267236,-0.1340111505750463,0.0,-0.0157523371122571,9.38702585542283,0.4417720004430394,-12.693092119560363,29.197126536150734,1470.4525249334365,28800.079738245888,283.5290751281958,0.002,-0.0362409215360189,0.0080387530682639,-1.1039716155164931,6.0,10.0,180.0,0.4875043988003683,-5.709529324095771,7.58382458780235,-0.6160743537624125,9.516647609383665e-09,2.184318483035677e-08,9.854179607618928e-09,2.3850149997447033e-08,1.1250000000000002
7150,148.18000000000004,-31.159950972265136,209.4770840511884,388.4684676412074,1046228.1553572651,-31.16003500488809,209.4819947943961,389.1337322434108,1046393.9832810004,-0.0027544063834402,0.1635537777795847,83.1714639677646,28800.00000000001,-8.405372271987822e-05,0.0049137913772245,-0.3110682364526823,0.0,0.0057536939043827,-7.0803305393448,0.1351345917390292,-12.331542899306164,67.57994233025332,2442.322107921668,28799.179846155388,-16.828160952306327,0.002,-0.0364331511413935,0.0070148423337817,-1.1281123032507616,6.0,10.0,180.0,0.4873412582183796,-5.73169049593739,11.721752116835535,-0.568635190533945,4.758323804691832e-09,1.0921592415178385e-08,4.927089803809463e-09,1.1925074998723516e-08,1.1250000000000002
7151,148.20000000000005,-31.16004672945466,209.4798231753261,390.3779324973654,1046804.1561469304,-31.16003499853717,209.48199094700672,391.6357321790426,1046969.9832810004,0.0003906738623585,0.0722474793936896,139.95660770915978,28800.00000000001,1.1728990112874764e-05,0.0021699853307986,-0.5117259281925808,0.0,0.0274147848854327,-8.303804646286576,0.1174648836003606,-8.16612570040129,125.11383890348188,2918.9199166203643,28800.61918671488,-0.1219090568195042,0.002,-0.0357834036943114,0.0083486351743421,-1.1175479416253873,6.0,10.0,180.0,0.4618046871802065,-5.7722253364725,14.16744319857574,-0.6038571031553535,2.379161902345916e-09,5.4607962075891915e-09,2.4635449019047317e-09,5.962537499361757e-09,0.9750000000000002
7152,148.22000000000006,-31.160148252090448,209.48095457353483,393.45842684733134,1047380.1552494412,-31.16003500003157,209.4819900038595,395.41522204203886,1047545.9832810004,0.0037696483613353,0.0345287260905619,199.47839956821343,28800.00000000001,0.0001132530646079,0.0010358566174999,-0.643695222780201,0.0,-0.0042614061608982,1.477933005176843,0.045687849945983,16.116661754630314,183.6894292616004,3074.706603313459,28799.49213884287,68.28480288611381,0.002,-0.027970068365077,0.0112721549855638,-1.1996578005727982,6.0,10.0,180.0,0.4608359208665894,-5.762472791049279,14.83041828462324,-0.6027341926704735,1.189580951172958e-09,2.7303981037945957e-09,1.2317724509523656e-09,2.9812687496808787e-09,0.8250000000000002
7153,148.24000000000007,-31.16012735744656,209.48172325613984,397.7510946268942,1047956.15696481,-31.16003500001237,209.4819899998562,400.4731315210779,1048121.9832810004,0.0030835822726739,0.0088869045234547,261.2084706226733,28800.00000000001,9.235750838943584e-05,0.0002667428895507,-0.7094274341223363,0.0,-0.0029565340929998,6.454905809067216,0.0048378199220013,-18.80600993342188,245.21736077623763,3074.119131498535,28800.32157779209,-300.4860204958819,0.002,-0.0272558633550039,0.0189652812372451,-1.0991796944463403,6.0,10.0,180.0,0.458912746421093,-5.737344290753991,15.123836557598583,-0.5763241831250097,5.94790475586479e-10,1.3651990518972979e-09,6.158862254761828e-10,1.4906343748404391e-09,0.8250000000000002
7154,148.26000000000005,-31.160122551902862,209.48179417156345,403.2826490902121,1048532.1552152426,-31.160034999998366,209.48199000008444,406.8094635333838,1048697.9832810003,0.0029053724545875,0.0064896801743684,324.25641000344024,28800.00000000001,8.755189265200376e-05,0.0001958277026111,-0.7356238888964489,0.0,0.0013752066981015,6.0994105002927705,0.0303587625941392,10.871538597682411,308.4434861609176,3245.7676629122698,28800.07846325332,274.98810365602776,0.002,-0.0283110449109046,0.0188807965288337,-1.001723524549828,6.0,10.0,180.0,0.455940548326989,-5.73713912809095,15.780065563483126,-0.6007804141213968,2.9739523779323947e-10,6.825995259486488e-10,3.079431127380914e-10,7.453171874202197e-10,0.8250000000000002
7155,148.28000000000006,-31.160041472844647,209.4819709838468,410.07838715861465,1049108.155504143,-31.16003499999921,209.48198999999948,414.4144690914872,1049273.9832810003,0.0002161243384464,0.0006314476716103,386.92643281315713,28800.00000000001,6.472838247810733e-06,1.901623179391303e-05,-0.7483664498953383,0.0,-6.62184006791914e-05,-1.3548225498710469,-0.0453008932248169,5.506919897152391,370.12483248940094,3074.4805177011367,28799.24729951844,-76.96022955846956,0.002,-0.0310360387552974,0.006000490689763,-0.7913356753012495,0.0,10.0,180.0,0.4559834420765465,-5.707475812637016,15.417609294662402,-0.5624896066609147,1.4869761889661976e-10,3.4129976297432447e-10,1.539715563690457e-10,3.7265859371010973e-10,0.8250000000000002
7156,148.30000000000004,-31.160055799008536,209.482099535012,418.12217606271713,1049684.1572713642,-31.16003499999997,209.48198999999536,423.2426401140468,1049849.9832810003,0.000749425634608,-0.0036493351406893,442.9833712979741,28800.00000000001,2.0799007619357e-05,-0.0001095349353433,-0.7464330499091295,0.0,-0.0082220579154466,-7.076876964634391,0.0277719543566372,-12.078536054062877,432.1692475144948,2511.4997780170497,28800.721693756164,-34.477656211367204,0.002,-0.0320635401556783,0.0166947892722882,-0.4056852277650011,0.0,10.0,180.0,0.4513262531977446,-5.710791087442454,13.40267147452838,-0.5915246770069865,7.434880944830988e-11,1.7064988148716223e-10,7.698577818452287e-11,1.8632929685505487e-10,0.7500000000000001
7157,148.32000000000005,-31.160000710518137,209.48200683186232,427.2215871126304,1050260.1550110795,-31.16003500000002,209.48199000000005,432.9944946177435,1050425.9832810003,-0.0011469335077418,-0.0005564866547521,482.2989577740847,28800.00000000001,-3.428948190644329e-05,-1.68318681246707e-05,-0.6491975785990649,0.0,-0.0199291473444433,-6.709139073739104,-0.0314365901056291,12.310939221827487,475.8962605964046,1794.1727359145789,28799.45709715909,102.62773283697832,0.002,-0.0245338834541188,0.014766121929339,-0.072291544831414,0.0,10.0,180.0,0.4554100612523584,-5.694199170283098,9.771228524243156,-0.5975843185384708,3.717440472415494e-11,8.532494074358112e-11,3.8492889092261426e-11,9.316464842752746e-11,0.6750000000000002
7158,148.34000000000003,-31.1600697376506,209.48226713746803,437.0211674170361,1050836.1578391516,-31.16003500000002,209.48199000000005,443.2649113368534,1051001.9832810003,0.0011583590225506,-0.0092411411276665,504.0617101869008,28800.00000000001,3.473765058554889e-05,-0.0002771374759685,-0.4697685127212994,0.0,0.0356209337918061,4.154544991580471,-0.0161519340381372,-24.1737209816981,500.7152576126235,901.4111883845578,28800.458359556284,-326.28995651623,0.002,-0.027690085011505,0.0138087700698699,0.1622927909081259,0.0,10.0,180.0,0.4416245383636544,-5.666073248189898,5.509360899683243,-0.5639974577087908,1.858720236207747e-11,4.266247037179056e-11,1.924644454613072e-11,4.658232421376373e-11,0.5250000000000001
7159,148.36000000000004,-31.16039632847597,209.4819124443163,447.1712359513497,1051412.154851574,-31.16003500000002,209.48199000000005,453.6481180336265,1051577.983281,0.0120491801028107,0.0025856678216725,506.4103485549175,28800.00000000001,0.0003613284759596,7.755568237112523e-05,-0.2643105148272429,0.0,-0.0039938905519572,13.53771330350924,0.0387113170944519,10.993327972844815,509.7405891629599,-250.74907077983016,28800.113830010912,266.3025139064331,0.002,-0.0292342960921906,0.0105146042555598,0.5535187880403835,0.0,10.0,180.0,0.418936125159664,-5.696996204847548,0.9094388390162916,-0.5997611473311742,9.293601181038737e-12,2.133123518589528e-11,9.623222273065358e-12,2.3291162106881865e-11,0.375
7160,148.38000000000002,-31.160004287570427,209.4819128513039,457.26102183643815,1051988.1549676196,-31.16003499999897,209.481990000001,463.73846915847855,1052153.9832810003,-0.0010189515344525,0.0025757589119351,489.5076048621242,28800.00000000001,-3.071242958733602e-05,7.714869610010025e-05,-0.0277395257975131,0.0,-0.0371877092946757,-3.430110526581113,-0.0999583394582917,7.308953314027484,496.5830561528643,-988.082106852359,28799.21530078792,-59.80606692333159,0.002,-0.024621109995192,0.0164133915547629,0.8207366417761557,0.0,10.0,180.0,0.4443297055690977,-5.667282800624191,-3.163770294109808,-0.5625288130923581,4.646800590519368e-12,1.066561759294764e-11,4.811611136532679e-12,1.1645581053440932e-11,0.3000000000000001
7161,148.40000000000003,-31.159975421834808,209.4821132065984,466.9221369758861,1052564.1564209645,-31.160034999992924,209.4819900000068,473.1301258864705,1052729.983281,-0.0019993229294547,-0.0041081065587489,452.105041313118,28800.00000000001,-5.957816049885697e-05,-0.0001232065942641,0.202611798750634,0.0,0.0132601042843844,-12.202458706889306,0.0082102842066762,-10.851569493226387,464.9580950882382,-2155.501368676132,28800.619846619426,-51.511424238736666,0.002,-0.0282581299783706,0.012178219572064,0.8203775086028763,0.0,10.0,180.0,0.4308899852675089,-5.673664972039124,-8.080597865063083,-0.5894781415365482,2.323400295259684e-12,5.33280879647382e-12,2.40580556826634e-12,5.822790526720466e-12,0.225
7162,148.42000000000002,-31.1602289460008,209.481835434211,475.732735526877,1053140.154706571,-31.160034999966616,209.481990000035,481.4321924781594,1053305.9832810003,0.0064568164248023,0.0051590163807732,398.2548788073045,28800.00000000001,0.0001939460291868,0.0001545658104102,0.442777797546397,0.0,-0.003347893775303,3.429300925901206,-0.0148354476866619,25.60948425062499,413.2458539139645,-2879.191594728201,28799.456413923053,111.29323066459048,0.002,-0.02922020598656,0.0205167221509755,0.8725123566074937,0.0,10.0,180.0,0.4124878221351725,-5.680704675153814,-11.562684370230144,-0.5954870307094101,1.161700147629842e-12,2.66640439823691e-12,1.2029027841331698e-12,2.911395263360233e-12,0.15
7163,148.44000000000003,-31.16011363960232,209.4820914232725,483.4268873654733,1053716.15714241,-31.160034999665395,209.48199000032588,488.46289466395535,1053881.9832810003,0.0026195475881106,-0.003376887703265,339.90359858476086,28800.00000000001,7.86397395977299e-05,-0.0001014231663755,0.60987351450425,0.0,-0.0273937137148279,2.5784540991867084,-0.0171001981597853,-18.44946047556628,355.88616874648017,-3019.704376440224,28800.526171003374,-334.9021844622099,0.002,-0.0281602573241066,0.0128828192771172,0.9045572644102426,0.0,10.0,180.0,0.4201443664585128,-5.663314046330923,-12.0816180599054,-0.5701499564139956,5.808500738149209e-13,1.333202199118455e-12,6.014513920665849e-13,1.4556976316801165e-12,0.075
7164,148.46000000000006,-31.15999887656168,209.48196202848493,489.9299698377317,1054292.1545723046,-31.16003499850916,209.48199000134903,494.2151736877039,1054457.9832810003,-0.0011503493602749,0.0009291954979763,278.6548398104075,28800.00000000001,-3.6123014894721584e-05,2.797191747870259e-05,0.6900452530996064,0.0,0.0233276892154702,-2.5777718109135344,0.0412389546975086,9.89677002246791,294.452444910428,-3044.824900488345,28800.11404215289,257.67162657675965,0.002,-0.0274835483197291,0.0167085855363855,0.8991428832421642,0.0,10.0,180.0,0.4110472774243972,-5.683347741341331,-12.6434059775338,-0.6029379829245541,2.904250369074605e-13,6.666010995592276e-13,3.0072569603329244e-13,7.278488158400584e-13,0.0
7165,148.48000000000008,-31.160121268774912,209.48202511817664,495.197823630282,1054868.1552300106,-31.160035165214765,209.48198985001167,498.6890286429408,1055033.9832810003,0.0028307571476986,-0.0012042707831882,215.9663989200425,28800.00000000001,8.626964855884467e-05,-3.511708097050423e-05,0.7270214955094507,0.0,0.033198197317949,3.294049344464237,-0.0438351512031487,-2.442583795118375,231.86128924865457,-3169.231272015066,28799.18111403947,-59.7496770501109,0.002,-0.0276555679282606,0.0215612432756542,0.8662350001900002,0.0,10.0,180.0,0.3972932926430264,-5.656519305536257,-13.1229326814231,-0.5646958548698862,1.4521251845373026e-13,3.3330054977961374e-13,1.5036284801664622e-13,3.6392440792002914e-13,0.0
7166,148.50000000000006,-31.16009375256636,209.48202971402443,499.20545612599216,1055444.1565521136,-31.160037041851364,209.48198814966472,501.8844695776558,1055609.983281,0.001777101536202,-0.0014851355723361,152.67186832015338,28800.00000000001,5.814607931121128e-05,-4.026340439254818e-05,0.7457976722300209,0.0,-0.0137408010170545,-3.654108779735041,0.0330093045213667,-8.16666401336656,169.00553506886268,-3170.6608950271666,28800.58490928749,-25.761503583068656,0.002,-0.0271149004070664,0.0205145319166228,0.5399069392314326,0.0,10.0,180.0,0.4072704537461996,-5.673655367834143,-13.248302059027854,-0.5894629830949196,7.260625922686513e-14,1.666502748898069e-13,7.518142400832311e-14,1.8196220396001457e-13,0.0
7167,148.52000000000004,-31.1599701783569,209.48190582356355,501.9470456041012,1056020.1540220524,-31.160044840421985,209.48198108647003,503.821990501972,1056185.9832810003,-0.0030093815560122,0.0020378576572272,93.35201152071777,28800.00000000001,-6.836633719544431e-05,8.096288154223378e-05,0.7523414554683849,0.0,-0.0121092735591582,-4.056826424192229,-0.0069202082949169,20.703860244270224,105.90749799305236,-2923.071039409793,28799.62810806934,76.88845992183893,0.002,-0.0281846631270198,0.0158547069045879,0.2470520011517896,0.0,10.0,180.0,0.4173258335815543,-5.666821512514935,-12.233579580792313,-0.6003912736451035,3.6303129613432565e-14,8.332513744490343e-14,3.759071200416156e-14,9.098110198000728e-14,0.0
7168,148.54000000000005,-31.16006968618192,209.48210483193148,503.56268455461066,1056596.1563044474,-31.16007046446965,209.4819578717405,504.7461457418305,1056761.9832810003,-0.0013096982477922,-0.0060588176746261,50.079778490696334,28800.00000000001,1.8523523441014934e-05,-0.0001294765326433,0.6766801822356122,0.0,0.000124845543515,2.509071432251969,-0.0212763886571788,-22.514641290797023,58.75257226299635,-1995.0361647501657,28800.493241312488,-300.5885348556468,0.002,-0.0314204211843225,0.0124675706781026,-0.0389363757048421,0.0,10.0,180.0,0.4066025497403287,-5.651246709741881,-8.254817900200784,-0.5698284451312678,1.8151564806716282e-14,4.1662568722451724e-14,1.8795356002080775e-14,4.549055099000364e-14,0.0
7169,148.56000000000006,-31.16011770055833,209.481961965667,504.3926640517402,1057172.153710773,-31.16012664865836,209.48190695611228,505.05822530512825,1057337.983281,-0.0027233833140868,-0.0040046642008453,24.09866876954506,28800.00000000001,3.160298167596613e-05,-1.8250614708643084e-05,0.5109710806875276,0.0,0.0019534791610183,4.805200413821474,0.0181415727823315,1.866432225835976,27.35421160189484,-1081.637332466203,28800.251777904043,335.0625867990637,0.002,-0.0114119672387538,0.0137795067908809,0.0250960197347515,0.0,10.0,180.0,0.4105362971229768,-5.667393977841224,-4.351945517639583,-0.60783743844954,9.075782403358141e-15,2.0831284361225862e-14,9.397678001040387e-15,2.274527549500182e-14,0.0
7170,148.58000000000004,-31.159915510762524,209.4821554680213,504.79201152146544,1057748.154523769,-31.15481711170752,209.48671741011904,505.1467496202457,1057913.9832810003,1.2774482542112495,1.1554905269929976,12.697801357232144,28800.00000000001,-0.000236237511997,-0.0002714665011792,0.3058567701054538,0.0,0.1364415598985688,54.35358010205505,0.1043171754597403,67.09274458135653,15.32083348549917,-322.6809598051849,28799.21340263916,-76.83701013814625,0.002,-0.0151182377688214,0.0177016801865818,-0.0335130297992711,0.0,10.0,180.0,0.0531542782331263,-6.020145219930856,-1.067246929024263,-0.5686619171867354,4.5378912016790706e-15,1.0415642180612931e-14,4.698839000520194e-15,1.137263774750091e-14,0.0
7171,148.60000000000008,-31.12679502918208,209.5160730922761,504.993316449724,1058324.1557531336,-31.09607489196611,209.53993821969053,505.1601333227809,1058489.983281,4.46616827223148,3.91414629103228,5.481383592019983,28800.00000000001,-0.0142902889016035,-0.0169141048645048,0.1645615626238956,0.0,3.4310745782890955,121.1340020198268,2.8583968175790764,20.42885649768135,4.271810534208801,-250.2621129739601,28800.75495208068,-0.1414564801496681,0.002,-0.0453718706594253,0.0138444597592114,-0.1909435317495054,0.0,10.0,180.0,-0.9899055641626048,-6.160106864749638,-0.6451016547959612,-0.595633746835635,2.268945600839535e-15,5.207821090306465e-15,2.349419500260097e-15,5.686318873750455e-15,0.0
7172,148.62000000000003,-30.99791808403097,209.6403626074838,505.0847830474956,1058900.1525372595,-30.85056783357168,209.76237013921764,505.1600716198183,1059065.9832810003,21.257440701340663,18.87628506615596,2.508701904046468,28800.00000000001,-0.0505274429783987,-0.0572713561923025,0.0753249226511386,0.0,12.950773497220643,1086.031212067289,12.939116826194056,934.6488081610552,3.8791692833912967,-328.54820968694213,28799.526797442268,145.42187464166682,0.002,-0.0348841896745054,0.0114284704281231,-0.0901180589348966,0.0,10.0,180.0,-6.004792641415435,-9.93398037381156,-0.2045408903043789,-0.6112450444173914,1.1344728004197674e-15,2.6039105451532323e-15,1.1747097501300486e-15,2.843159436875228e-15,0.0
7173,148.64000000000004,-30.46038183868354,210.1332383928393,505.119230341218,1059476.154772173,-30.045064015507982,210.4921618236786,505.1600421704503,1059641.9832810003,54.55680045388372,48.85026253644368,1.3600685263670904,28800.00000000001,-0.1915598793183487,-0.1909126919431053,0.0408283565289127,0.0,42.81954690924879,1741.3282040826718,38.85555643076009,1672.0171351770225,1.567081974902128,90.88238348106556,28800.70127212057,-291.87844552293666,0.002,-0.0601073792009306,0.0122639797749912,-0.1190763468572131,0.0,10.0,180.0,-10.0797738170919,-13.512746908950362,0.8665875144043713,-0.5770684463354913,5.672364002098837e-16,1.3019552725766162e-15,5.873548750650243e-16,1.4215797184376138e-15,0.0
7174,148.66000000000005,-29.18514771352527,211.3044360302071,505.1444640969338,1060052.153827053,-28.28170735424284,212.08977636196428,505.1600322358225,1060217.983281,105.75089069097235,94.70495980220524,0.5188796420885234,28800.00000000001,-0.3702865480543455,-0.3686658225768114,0.0155736370795334,0.0,89.70288374101666,2967.3834564626886,81.13411085985979,2501.153973768603,0.1934125627189236,-68.93336943739837,28800.283752450945,223.6787497767344,0.002,-0.0038242640738476,0.0128678843192217,-0.1531600857412728,0.0,10.0,180.0,-16.609990745631613,-17.511528719559443,0.37223163406665,-0.6092647878194873,2.836182001049418e-16,6.509776362883081e-16,2.936774375325121e-16,7.107898592188069e-16,0.0
7175,148.68,-26.80099901125817,213.44385658518087,505.1528157662025,1060628.1545786771,-25.28981134980101,214.8004552789899,505.16002942059487,1060793.9832810003,161.9191015294202,146.28161448810383,0.2404424134025148,28800.00000000001,-0.5752989696459314,-0.5337733418130919,0.007215803560756,0.0,147.4185100509806,2713.731353744294,132.69327191900572,2555.616092953294,0.6367798263905577,-52.61724911544853,28799.03779380452,-119.8923639279681,0.002,-0.0407490854484686,0.015227840178274,-0.1192737707943371,0.0,10.0,180.0,-15.841682217150852,-18.24533315241452,0.6211159605756573,-0.5667498360452333,1.418091000524709e-16,3.2548881814415404e-16,1.4683871876625608e-16,3.553949296094034e-16,0.0
7176,148.70000000000007,-23.281982739366214,216.6337219615372,505.1556968141443,1061204.15528659,-21.037876312948857,218.6527396752124,505.1600289993709,1061369.9832810003,222.0510345904601,200.70787766475613,0.1444221293745533,28800.00000000001,-0.6614059533096213,-0.6133981669071094,0.0043324619332308,0.0,206.4018824649412,3137.550784805614,186.72589165551457,2691.6408467238707,0.1414326991822858,26.12274160081824,28800.61943820188,-94.92817891063645,0.002,-0.0261487083117551,0.0119897313424395,-0.1312780756260725,0.0,10.0,180.0,-18.20721538499928,-18.869871377693347,0.730438702447477,-0.6048843966689292,7.090455002623547e-17,1.6274440907207702e-16,7.341935938312804e-17,1.776974648047017e-16,0.0
7177,148.72000000000006,-18.539473763820247,220.922134131659,505.1589446417009,1061780.152801244,-15.525894628548253,223.64663519505,505.1600289997297,1061945.9832810003,283.4014523017776,256.56964819745565,0.0361511640896411,28800.00000000001,-0.710963809640834,-0.6499621420270753,0.0010843833218841,0.0,267.21355994797926,3034.003510309952,242.30145075643176,2797.111543308956,0.0291631011602415,-25.00614816466956,28799.395721761604,111.06120692306838,0.002,-0.0391058673455958,0.0160728033695567,-0.1316380833354759,0.0,10.0,180.0,-17.625333650561224,-19.2106625660251,0.6074094995891043,-0.6061176268587593,3.5452275013117726e-17,8.137220453603851e-17,3.670967969156402e-17,8.884873240235085e-17,0.0
7178,148.74000000000007,-12.56929042920252,226.3308271145669,505.1594960804099,1062356.1542469885,-8.753866090312929,229.7821421391887,505.160028999896,1062521.9832810003,345.8309423825084,313.14244957216204,0.0177785253767924,28800.00000000001,-0.7281496714771236,-0.6651959821095721,0.0005333379412088,0.0,330.2788684759412,3156.841630813938,298.7513565348827,2809.898200202336,0.0400673850799732,-7.943318798813768,28800.60119811609,-317.35182416745613,0.002,-0.0269939978724421,0.0139899771804461,-0.1314562828734232,0.0,10.0,180.0,-18.55544794687476,-19.50012429060269,0.6318800945524707,-0.5878222899984176,1.7726137506558866e-17,4.0686102268019255e-17,1.835483984578201e-17,4.4424366201175425e-17,0.0
7179,148.76000000000008,-5.344024957871127,232.87371409503285,505.1598997929808,1062932.152471237,-0.7217917236518128,237.05925999256905,505.1600289999744,1063097.9832810003,408.4257679018752,369.9623462535618,0.0043136800507389,28800.00000000001,-0.740370221702296,-0.6730117765320374,0.0001294166762516,0.0,392.1814230956971,3136.823807549494,355.50863157508854,2855.6745387242527,-0.001388793257403,-7.668802795527692,28800.110207826627,275.36380226445897,0.002,0.0016903191532692,0.0144573464604849,-0.1312556535840647,0.0,10.0,180.0,-18.47169611920401,-19.628770633760645,0.6202459574019967,-0.6114684851426716,8.863068753279433e-18,2.0343051134009628e-17,9.177419922891005e-18,2.2212183100587722e-17,0.0
7180,148.78000000000003,3.134037374025695,240.55566591033272,505.1601355660527,1063508.152319807,8.570283119037008,245.4779476718361,505.1600289999971,1063673.9832810003,471.2216056936812,426.8303179966664,-0.0035834073704813,28800.00000000001,-0.7453435505742115,-0.6782828965352431,-0.0001063570581732,0.0,455.434572538038,3105.956824531395,412.358177785113,2822.728337469502,-0.0122918690270629,-7.320339937293821,28799.102934268165,0.3187651765828832,0.002,-0.0336305673988025,0.0164459065331545,-0.1197538448711886,0.0,10.0,180.0,-18.4793462877394,-19.658011957143493,0.6066228617111284,-0.5789079888752381,4.431534376639717e-18,1.0171525567004814e-17,4.588709961445502e-18,1.1106091550293858e-17,0.0
7181,148.80000000000004,12.854415516456502,249.361251506922,505.16027513406095,1064084.1544793863,19.06556790484014,254.9867516600979,505.1600290000003,1064249.9832810003,525.8126405498294,476.32844128919726,-0.0081923030345509,28800.00000000001,-0.7353367308607837,-0.668069233331853,-0.000245929008189,0.0,515.1139998565229,2625.183135595992,465.7689639820742,2249.858841344689,-0.0483402091265278,-4.142281044374942,28800.580862241168,-69.12517367098587,0.002,-0.026328626165074,0.0178035280053666,-0.1219346310640447,0.0,10.0,180.0,-16.14768008889706,-17.22978916604096,0.5744303656204928,-0.6056266042339156,2.2157671883198587e-18,5.085762783502407e-18,2.294354980722751e-18,5.553045775146929e-18,0.0
7182,148.82000000000005,23.608100089943896,259.09205236359725,505.160618690504,1064660.152493145,30.450283615175664,265.3013872168658,505.1600290000003,1064825.9832810003,563.5579663273506,510.929853407748,-0.0196490734638347,28800.00000000001,-0.6376852787006124,-0.5674807041386296,-0.0005894892940135,0.0,556.688340891068,1632.3326613985075,504.3516144810041,1531.1442228597807,-0.0336734727290004,-21.965412425774726,28799.460500443955,93.77772031341054,0.002,-0.0291405906252106,0.0202264157456225,-0.1217976173676216,0.0,10.0,180.0,-10.695085113331103,-13.817736447822124,0.5372881004397898,-0.6065321217970505,1.1078835941599293e-18,2.542881391751204e-18,1.1471774903613756e-18,2.7765228875734645e-18,0.0
7183,148.8400000000001,35.029753875505364,269.4374169005147,505.1605480633313,1065236.1534311788,42.32479317492766,276.05977928058235,505.1600290000003,1065401.9832810003,584.0300868156696,529.5689628408463,-0.0172840433443797,28800.00000000001,-0.4581924246884344,-0.4021217244759259,-0.0005184527986492,0.0,582.6016013778797,797.6697620914393,527.2459434989748,790.199370011718,-0.0146447595359877,-20.14662116900855,28800.87606673746,-326.2101407060452,0.002,0.0051259576234207,0.0136387392191964,-0.132813101044748,0.0,10.0,180.0,-6.363234978224523,-10.246694877573962,0.5137485036734655,-0.5881977003062036,5.539417970799647e-19,1.2714406958756017e-18,5.735887451806878e-19,1.3882614437867322e-18,0.0
7184,148.86000000000004,46.77792902364831,280.0782471974297,505.1605683014376,1065812.1518782456,54.32326711023002,286.9304837645815,505.1600290000003,1065977.9832810003,591.5143637906187,536.4531694066134,-0.0179623450525155,28800.00000000001,-0.254726544542266,-0.2146784135874625,-0.0005388772673083,0.0,589.8648649012782,237.70360529913305,535.2077052500554,423.7338794513447,-0.1031395005568965,-28.21118337772426,28800.114868366927,266.6083853024787,0.002,-0.0285625897249296,0.0083932667551196,-0.1361547551829042,0.0,10.0,180.0,-2.808991182394518,-8.185004494628624,0.4716861983535875,-0.6105998849992558,2.7697089853998233e-19,6.35720347937801e-19,2.867943725903439e-19,6.941307218933661e-19,0.0
7185,148.88000000000005,58.63823946899546,290.8350355621825,505.16018715616593,1066388.1523071886,66.3233534345413,297.8026495901302,505.1600290000003,1066553.9832810003,596.1720381913331,540.2976939198029,-0.005263230818235,28800.00000000001,-0.114937605845888,-0.0992897384456925,-0.0001579341860741,0.0,596.2916703849427,221.83222324413583,539.9955261360151,162.52080407109946,-0.1543398507351724,5.246183228264428,28799.17667450936,-25.31108777988552,0.002,-0.0281512400634888,0.01705586497633,-0.136227950839054,0.0,10.0,180.0,-3.145466654962481,-7.513374867443771,0.4619310048020485,-0.5728141821984345,1.3848544926999114e-19,3.1786017396890043e-19,1.4339718629517197e-19,3.4706536094668306e-19,0.0
7186,148.9,70.58337223102787,301.6573932422501,505.1600922250811,1066964.153989595,78.32340138849943,308.6747804371791,505.1600290000003,1067129.9832810003,598.0016557127008,541.9559923381449,-0.0021024309533997,28800.00000000001,-0.0599980392276084,-0.0494944874685142,-6.322084171391207e-05,0.0,597.3245393335419,31.54545950700924,541.7533621314853,-100.18868400530344,-0.1118141597194149,24.17186754460809,28800.616160847927,-17.364394123103786,0.002,-0.0392240356955893,0.0195451254269859,-0.1294290295973082,0.0,10.0,180.0,-1.817152746274067,-6.901363982335968,0.4561018579049898,-0.5983641027100881,6.924272463499557e-20,1.5893008698445022e-19,7.169859314758597e-20,1.7353268047334153e-19,0.0
7187,148.92000000000002,82.55198024293485,312.50227716017423,505.1601290102088,1067540.1517528244,90.32342097872586,319.546885185304,505.1600290000003,1067705.9832810003,599.0481695441024,542.8628765910837,-0.0033202855805296,28800.00000000001,-0.0285694588301174,-0.0222578498676114,-9.961991378858596e-05,0.0,599.3594210596759,63.448153074616286,542.57708031116,37.90311411613698,0.0259602982095885,5.736268097028,28799.526284588792,76.69502069078193,0.002,-0.0290719107896928,0.0100750243478317,-0.1377524223751744,0.0,10.0,180.0,-2.073924383440605,-6.833692329316565,0.4580474448384733,-0.6023275792738868,3.462136231749778e-20,7.946504349222511e-20,3.5849296573792993e-20,8.676634023667076e-20,0.0
7188,148.94,94.53700690597148,323.36386476845485,505.1602287287451,1068116.1543987491,102.32342495487276,330.4189763860541,505.1600290000003,1068281.9832810008,599.5472372524619,543.2128251245101,-0.0066511967005861,28800.00000000001,-0.0135834262349049,-0.0117467405236182,-0.0001993373253299,0.0,599.012603212924,46.515289360135256,543.2121339271489,123.56487706334148,-0.0287573658186559,-4.0233624087754585,28800.530350371497,-326.3112478209963,0.002,-0.0240619784209119,0.0035758921385894,-0.1524363253527152,0.0,10.0,180.0,-1.9176568942855936,-6.931051323529699,0.4296972208878763,-0.5730622785609805,1.731068115874889e-20,3.973252174611256e-20,1.7924648286896494e-20,4.338317011833538e-20,0.0
7189,148.96000000000006,106.53306725352138,334.22909614102275,505.16006905581327,1068692.1521750498,114.32342499953684,341.2910638131154,505.1600290000003,1068857.9832810003,599.6785956506504,543.4413884580465,-0.0013281733473926,28800.00000000001,-0.0096422523930587,-0.0048893223050436,-3.96555504366119e-05,0.0,600.2457002062861,-1.356054445035592,543.8510147359952,109.49683156863392,-0.0731694416213384,6.370458367879371,28800.14993772117,292.2560263888638,0.002,-0.0448510326189977,0.00951621994401,-0.1467157847058874,0.0,10.0,180.0,-1.7044773759177585,-7.105172444328841,0.426750460127665,-0.6079813148074185,8.655340579374445e-21,1.986626087305628e-20,8.962324143448247e-21,2.169158505916769e-20,0.0
7190,148.98000000000005,118.52830772069542,345.101654718144,505.1597260507871,1069268.1528453254,126.32342500792188,352.16315059823575,505.1600290000003,1069433.9832810003,599.8372533582332,543.4256797400603,0.0101114639134177,28800.00000000001,-0.0048827206804038,-0.0053609049957815,0.0003033540205864,0.0,599.6923557042105,39.04460962694253,543.3982312798581,-94.51193028381688,-0.0063862109113196,42.73288362474697,28799.247593510885,-59.68740957110553,0.002,-0.0334843072010389,0.0193336450232649,-0.1322983376894525,0.0,10.0,180.0,-1.9556196571030704,-6.672432717456658,0.4501752734040356,-0.5666019268778818,4.3276702896872225e-21,9.933130436528137e-21,4.4811620717241234e-21,1.0845792529583846e-20,0.0
7191,149.00000000000006,130.52795882702767,355.9729289984882,505.1598692163676,1069844.153796069,138.32342790478023,363.0352408052733,505.1600290000003,1070009.9832810003,599.8492650203605,543.4531301867592,0.0053458282898531,28800.00000000001,-0.0045335887927173,-0.004547583595594,0.0001605807576791,0.0,599.9239128261914,-36.24668753161605,543.4143912705753,-115.33772259215924,0.1057905261842189,27.69938696403194,28800.65245322734,-17.33564274179407,0.002,-0.0319066428029973,0.0119387731338087,-0.1265754811385943,0.0,10.0,180.0,-1.5673877589402463,-6.551212427555699,0.4560166320030321,-0.594476510513004,2.163835144843612e-21,4.9665652182640685e-21,2.2405810358620617e-21,5.422896264791923e-21,0.0
7192,149.02000000000004,142.52139924296725,366.8419016348922,505.160153616531,1070420.1522195465,150.32344477855506,373.9073434872565,505.1600290000003,1070585.983281,600.0691461011886,543.5580810011363,-0.0041416878164985,28800.00000000001,0.00203234224296,-0.0014266786217108,-0.0001242399331922,0.0,600.0160198064073,66.24148364623872,543.3487925506139,85.36277634428417,0.1279085771466201,-15.869408093407518,28799.45806891466,76.817135661707,0.002,-0.0055444186595505,0.0090635727669404,-0.1311090627762132,0.0,10.0,180.0,-2.088406584896254,-6.755926860615602,0.4443027119473516,-0.6005250260704511,1.0819175724218058e-21,2.4832826091320346e-21,1.1202905179310309e-21,2.7114481323959614e-21,0.0
7193,149.04000000000005,154.52619369356435,377.7145990992807,505.1603201891814,1070996.153920804,162.32348834117516,384.7794699622695,505.1600290000003,1071161.9832810003,599.9118153668987,543.5399812691575,-0.00969293972728,28800.00000000001,-0.0027373328296635,-0.0020146987392305,-0.0002908242520976,0.0,599.9820092967984,-62.51584592305363,543.9640946508949,55.6318631783137,0.0377389373042602,-23.929650017624752,28800.459740480484,-317.6647570660972,0.002,-0.0228217948886917,0.0127212865480131,-0.1290730581937819,0.0,10.0,180.0,-1.5413170335986188,-6.935233475509527,0.4247985620521087,-0.5752566257900683,5.409587862109029e-22,1.2416413045660173e-21,5.601452589655154e-22,1.3557240661979809e-21,0.0
7194,149.0600000000001,166.52311621587947,388.5856711138264,505.160202076319,1071572.1516068825,174.32356943894314,395.6516310511343,505.1600290000003,1071737.9832810003,600.018255145513,543.5773100028017,-0.0057529986709852,28800.00000000001,0.0003960119981714,-0.0009488995338805,-0.0001726898109051,0.0,600.2269231679555,-0.011605922915524,543.6553844778948,12.886770122792797,0.0055366927848074,-15.859808181999806,28800.18215814836,309.31110894152823,0.002,-0.0039030890977662,0.0234561948643728,-0.1176781303137324,0.0,10.0,180.0,-1.9691690032054705,-6.887331401042202,0.4238476309902947,-0.6111038275919405,2.7047939310545145e-22,6.2082065228300875e-22,2.800726294827577e-22,6.778620330989904e-22,0.0
7195,149.08000000000007,178.5239332214948,399.4601897597144,505.1602494631055,1072148.1521518338,186.323234868352,406.5234148856251,505.1600290000003,1072313.9832810003,599.7265679552416,543.2566714186212,-0.0073721312757138,28800.00000000001,-0.0003257952577743,-0.0032938948758397,-0.0002200393845128,0.0,599.5724648172431,-37.807140809444,543.4084250088616,-106.24177625394104,0.0332563289984555,-12.933212671867512,28799.21447686167,-59.86626978265431,0.002,-0.0240184692252563,0.019443042809583,-0.1089676979165026,0.0,10.0,180.0,-1.5703100625874191,-6.573953790830734,0.4189662650041058,-0.5658147115421179,1.3523969655272573e-22,3.1041032614150437e-22,1.4003631474137886e-22,3.389310165494952e-22,0.0
7196,149.10000000000005,190.49852217999347,410.302889835654,505.1604263162402,1072724.1534592628,198.23178468676764,417.3126476608333,505.1600290000003,1072889.9832810003,588.3814825486832,533.1900907065994,-0.0132275707547731,28800.00000000001,0.0173156796057136,0.0190535999030753,-0.0003968814238429,0.0,595.1677134644092,-761.3193162273614,537.6652857843131,-702.1083677094974,0.0165134246778202,-33.21523398797027,28800.621846052272,-34.52309098593632,0.002,-0.0297620608559039,0.0116121147995866,-0.1204437387890261,0.0,10.0,180.0,1.8870174853453776,-3.650813816382618,0.4072179205789492,-0.59513336790706,6.761984827636286e-23,1.5520516307075216e-22,7.001815737068943e-23,1.694655082747476e-22,0.0
7197,149.12000000000006,202.1789110971837,420.8757344578288,505.1606522882961,1073300.1511376672,209.70208112556003,427.70481971841247,505.1600290000003,1073465.9832810003,560.4610330372518,508.2163814901758,-0.0207616750901752,28800.00000000001,0.1370804830233258,0.1372340167460462,-0.0006228749158365,0.0,569.9243293280817,-1606.432129167406,517.0658236922916,-1380.0004105475496,-0.0854961399111348,-53.34444187721692,28799.527944038266,59.868373560278464,0.002,-0.0843129685313518,0.0124409081158071,-0.1315527853242556,0.0,10.0,180.0,6.604832093748745,-0.5021066958263163,0.374950053986516,-0.6021801722581552,3.380992413818143e-23,7.760258153537608e-23,3.500907868534472e-23,8.473275413737379e-23,0.0
7198,149.14,213.21889565771207,430.87208086661,505.1604648409686,1073876.1531450483,220.3341562601951,437.33755654059496,505.1600290000003,1074041.9832810003,514.6578247019403,466.9170016250129,-0.0145105368523848,28800.00000000001,0.3190029315276614,0.3080170157187468,-0.0004352455289947,0.0,531.2237053429487,-2362.9647310517344,479.8877450988151,-2256.0623512057145,-0.0678302849770307,-26.26427147637273,28800.35233712822,-265.8864171036554,0.002,-0.0345303387304485,0.014022856815103,-0.1382053966928852,0.0,10.0,180.0,11.110729446047133,3.2311130245744764,0.3896100532975861,-0.5739383168251886,1.6904962069090716e-23,3.880129076768804e-23,1.7504539342672357e-23,4.2366377068686897e-23,0.0
7199,149.16000000000005,223.27286888304965,439.9731854160583,505.1600987638871,1074452.151505337,229.78801525314475,445.9028221062589,505.1600290000003,1074617.9832810003,458.26262624102185,416.08484034371776,-0.0023199860169259,28800.00000000001,0.5117163229901236,0.4904853479136444,-6.976237048967065e-05,0.0,472.1059585149434,-3041.828721725226,429.3003789339042,-2548.651337056074,-0.0819926048228746,5.377428893924325,28800.17513004549,240.5991986083843,0.002,-0.0564680307112054,0.0091200340525624,-0.1303726025161334,0.0,10.0,180.0,14.433470812369894,4.867384315565532,0.3935894507755719,-0.6107541823546202,8.452481034545358e-24,1.940064538384402e-23,8.75226967133618e-24,2.1183188534343448e-23,0.0
7200,149.18,232.14739448588705,448.037317444444,505.1599094998601,1075028.1525696544,237.9821043719064,453.32672681368456,505.1600290000003,1075193.983281,399.88024925608426,362.3983917034301,0.0039973766317003,28800.00000000001,0.6503066852167634,0.59230177275587,0.000119912024672,0.0,416.22855250969167,-2834.804623076011,376.5416556855041,-2720.6482421353817,-0.0453579463068462,11.964098493796492,28799.108775276865,-68.78682975383768,0.002,-0.0233124286089122,0.015352173284035,-0.1332597767056756,0.0,10.0,180.0,13.462193490065811,5.668601721935713,0.3995129340744355,-0.5675276048141596,4.226240517272679e-24,9.70032269192201e-24,4.376134835668089e-24,1.0591594267171724e-23,0.0
7201,149.20000000000005,239.85498776465,455.0152466532778,505.1602318093992,1075604.1524922396,244.91614874724627,459.60902103238095,505.1600290000003,1075769.9832810003,338.3939436614416,306.86490215513066,-0.0067485522139162,28800.00000000001,0.695787208949619,0.6387139958464483,-0.0002024001847661,0.0,353.41419698149105,-3150.634931178829,321.20260097176265,-2780.133009124925,-0.039059078251645,3.0517101830862083,28800.6252767452,-69.05409524988822,0.002,-0.0256164293146585,0.0124165105361512,-0.136277922870222,0.0,10.0,180.0,15.315978073223496,5.9458246384504845,0.3829303039088282,-0.5980170200543417,2.1131202586363395e-24,4.850161345961005e-24,2.1880674178340446e-24,5.295797133585862e-24,0.0
7202,149.22000000000003,246.318382361356,460.87722297914206,505.1601051815709,1076180.150496476,250.5901454533197,464.74970337974025,505.1600290000003,1076345.983281,276.3793558309825,250.47611011258687,-0.0025232621762536,28800.00000000001,0.7254203734280497,0.6594682117467237,-7.557588785784416e-05,0.0,293.1506106876872,-3117.792328528639,264.9340263973017,-2785.77272962203,0.0502949123587627,-4.1604472607725285,28799.531998910465,163.01991806062355,0.002,-0.0155458522452444,0.0127615086775424,-0.1317626567461034,0.0,10.0,180.0,14.931495225227325,6.1576725230555,0.39172465702563,-0.6009443659011124,1.0565601293181695e-24,2.4250806729805022e-24,1.0940337089170223e-24,2.647898566792931e-24,0.0
7203,149.24000000000007,251.53991975844875,465.6086612676759,505.1600464671136,1076756.1527314107,255.0040963538917,468.7487748923306,505.1600290000003,1076921.983281,213.7586303794085,193.7183474549612,-0.0005725153737577,28800.00000000001,0.7368638826088688,0.6691482064911481,-1.705356332562356e-05,0.0,228.92112923797268,-3139.051868928827,208.0205300564716,-2853.632546746148,-0.0092875794549159,1.58664430694069,28800.456068024512,-274.3680328733047,0.002,-0.0234300260785182,0.0157832455408071,-0.1299920866607633,0.0,10.0,180.0,15.44140790814176,6.370465697776064,0.3770343230511258,-0.5777976466870701,5.282800646590849e-25,1.2125403364902511e-24,5.470168544585112e-25,1.3239492833964655e-24,0.0
7204,149.26000000000005,255.5068947983069,469.2011810888597,505.1601417235372,1077332.15245887,258.15800629271,471.6062400933794,505.1600290000003,1077497.9832810003,150.95540581344707,136.87112187280582,-0.0037828015571121,28800.00000000001,0.7428242519262815,0.6761373910894186,-0.0001123048697285,0.0,167.67710245775518,-3164.761500464664,151.31032347867944,-2827.984359971321,-0.0058607805022624,-3.53767911708894,28800.107045369103,206.18454106141093,0.002,-0.0120147819249101,0.0133891091218378,-0.1346208092578462,0.0,10.0,180.0,15.480765704035756,6.452575938784373,0.3769477575984951,-0.6018505228431279,2.6414003232954243e-25,6.0627016824512555e-25,2.735084272292556e-25,6.619746416982328e-25,0.0
7205,149.28000000000003,258.2172010086527,471.65951191330817,505.1601490109183,1077908.151852394,260.0703924705206,473.33887636833,505.1600290000003,1078073.9832810003,92.109650554989,83.46400044952223,-0.0039612665666006,28800.00000000001,0.7455109386929524,0.6757979981204811,-0.0001196070462551,0.0,104.13968475887005,-2909.0145798072213,95.10290489137714,-2574.043773561492,0.0142008761561325,-5.9720741418968535,28799.17862171507,-60.148244363777486,0.002,-0.0337486559935325,0.015169800835114,-0.1275750046675527,0.0,10.0,180.0,14.57715132717991,5.597790580924428,0.3720504863951299,-0.5748239740190135,1.3207001616477122e-25,3.0313508412256277e-25,1.367542136146278e-25,3.309873208491164e-25,0.0
7206,149.30000000000004,259.7991686864897,473.10716940645045,505.15997378122336,1078484.1535701794,260.97659653027614,474.1599037438643,505.1600290000003,1078649.9832810003,49.42357781834423,44.31066220039261,0.0018514851183849,28800.00000000001,0.6818653831190478,0.6037511533491751,5.5399355598054376e-05,0.0,57.57383749796468,-1902.974032065728,52.240129046932985,-1798.3715900857526,-0.0093547887341398,-0.1359648874593155,28800.622458632744,-120.3170621740338,0.002,-0.0252992170493871,0.0115139156468798,-0.1344395578157816,0.0,10.0,180.0,9.381039426900598,2.159895547071951,0.3750811761560068,-0.591625453351508,6.603500808238561e-26,1.5156754206128139e-25,6.83771068073139e-26,1.654936604245582e-25,0.0
7207,149.32000000000008,260.6124055151781,473.8439322657039,505.1600805721664,1079060.1509788197,261.2715249872389,474.427110798472,505.1600290000003,1079225.9832810003,23.32756126776554,20.66865497644005,-0.0017061159545974,28800.00000000001,0.5158839199691949,0.4534056339805953,-5.1196708591494375e-05,0.0,26.25700006840429,-1124.4899793458922,24.2616006537172,-958.5867167717648,-0.0166493676268459,-9.039913542710964,28799.629902805744,94.24434633384632,0.002,-0.0773790155341015,0.0099627529389903,-0.1336098306495009,0.0,10.0,180.0,5.582290651001154,-1.405287056519993,0.377117895687482,-0.6012052845393507,3.3017504041192804e-26,7.578377103064069e-26,3.418855340365695e-26,8.27468302122791e-26,0.0
7208,149.34000000000006,260.9869655361532,474.1886102953961,505.1599576593296,1079636.1523043695,261.33908381047894,474.4883194401893,505.1600290000003,1079801.9832810003,11.972338556462471,10.203289506722506,0.0023850773250571,28800.00000000001,0.3173067903360724,0.2681701165669263,7.173112106795848e-05,0.0,14.288676350495802,-315.9566380014805,12.592255160419148,-371.6336250119081,0.0019679716865664,-0.5028860065126658,28800.55992931556,-291.9192889960384,0.002,-0.0275980110302715,0.0146699117853812,-0.1406754265685271,0.0,10.0,180.0,1.130835825178449,-4.155248077729928,0.3927724285405,-0.5763538227245402,1.6508752020596402e-26,3.789188551532035e-26,1.7094276701828474e-26,4.137341510613955e-26,0.0
7209,149.36000000000007,261.18292249831364,474.3520061223562,505.1604607283522,1080212.1507158475,261.3444402689285,474.4931727462384,505.1600290000003,1080377.9832810003,5.365528090243946,4.688883684401207,-0.0143864359485498,28800.00000000001,0.1610891865858737,0.1407781324186799,-0.000431523822811,0.0,5.24590573081742,-309.24572239734823,5.239623214728995,-118.34178399292742,0.03469576268623,-17.462395177916534,28800.04420257084,283.42832698677046,0.002,-0.0429808532802082,0.0118747892012351,-0.1301364391920287,0.0,10.0,180.0,1.3236237869871503,-5.30131305521572,0.3800824076754129,-0.6076533037169753,8.254376010298201e-27,1.8945942757660176e-26,8.547138350914237e-27,2.068670755306977e-26,0.0
7210,149.38000000000005,261.2625943728177,474.4283165081168,505.1599367440648,1080788.1500172403,261.34437932347555,474.4931175372493,505.1600290000003,1080953.9832810003,2.7252084729963206,2.1591622709167715,0.0031082892654313,28800.00000000001,0.0818208302744527,0.064833206623423,9.24658686950076e-05,0.0,3.872350563350087,-31.412165132149312,2.5176697366920555,-97.21287728231516,0.1367648696428683,-10.009721966972544,28799.14654470812,8.838732112185562,0.002,-0.0325560804529107,0.0155379306702651,-0.12324276969878,0.0,10.0,180.0,-0.4369884722724727,-5.3952798767554935,0.422975637680917,-0.5705213484227203,4.1271880051491005e-27,9.472971378830088e-27,4.2735691754571184e-27,1.0343353776534887e-26,0.0
7211,149.40000000000003,261.3088051508381,474.4633578374727,505.16002105905847,1081364.1518783872,261.3443504471245,474.4930913697932,505.1600290000003,1081529.9832810003,1.1845350417760414,0.990841930323677,0.0002740025497625,28800.00000000001,0.035561070786627,0.0297478519638598,8.14906687260728e-06,0.0,0.6481273471678713,-64.27263947999079,1.1810332963443184,-60.36891970695821,-0.0439779941507098,-1.0871316932859465,28800.65468695096,-42.96526127761781,0.002,0.2554500302250584,0.0149771406970032,-0.1340931325665342,0.0,10.0,180.0,-0.0390958328659978,-5.713458962551947,0.3827920719619819,-0.5986423627995868,2.0635940025745503e-27,4.736485689415044e-27,2.1367845877285592e-27,5.171676888267444e-27,0.0
7212,149.42000000000002,261.3272595367066,474.47936457065714,505.1602754795866,1081940.1504261526,261.34434104864863,474.4930828473501,505.1600290000003,1082105.9832810003,0.5693706590635481,0.4572667181249345,-0.0082036112642672,28800.00000000001,0.0170860773281796,0.0137226372437318,-0.0002462853611711,0.0,1.2229321926645649,-46.10513095596704,0.5510417676351023,0.043911582389029,-0.0073532059811625,-17.953113045378444,28799.5258162934,94.111245995883,0.002,-0.1178316444354924,0.0165010604856662,-0.1287847675841295,0.0,10.0,180.0,-0.4119991269603033,-5.81260992970416,0.3935174357227952,-0.6006189004916591,1.0317970012872751e-27,2.368242844707522e-27,1.0683922938642796e-27,2.5858384441337217e-27,0.0
7213,149.44000000000003,261.3357369385839,474.4868781919748,505.1601286736489,1082516.152709485,261.346311409687,474.4948677998289,505.1600290000003,1082681.9832810003,0.798638855010823,0.6705569800615662,-0.0033078536399063,28800.00000000001,0.0086031066988921,0.0062037459464274,-9.909218949254696e-05,0.0,-0.0321772397425158,38.967321203129714,0.261790918069026,7.098520951682749,0.0410932484841121,-3.664369330938315,28800.49247837641,-291.9789074926837,0.002,-0.8532311868824313,0.0119858555075185,-0.1220459814437182,0.0,10.0,180.0,-0.6422012611889507,-5.963690545949605,0.3975561160191488,-0.572208332422657,5.158985006436376e-28,1.184121422353761e-27,5.341961469321398e-28,1.2929192220668609e-27,0.0
7214,149.46000000000004,261.349906098354,474.49722141259326,505.160203832652,1083092.1499964236,261.35196520988245,474.4999901871953,505.1600290000003,1083257.9832810008,0.0138542664863723,0.0426638673370272,-0.0058177424629986,28800.00000000001,0.0004134713805448,0.0012779189292891,-0.0001746334079237,0.0,0.5397939562542686,-120.84487944713167,0.0183924825018953,-61.27688596978017,0.0195813151654464,-10.623126869782192,28800.1138470332,257.74933388796853,0.002,-0.7479591268166167,0.0079318306572128,-0.1339473594002525,0.0,10.0,180.0,-0.0168922554012372,-5.576933563957833,0.3839597112217939,-0.6069119232376514,2.579492503218188e-28,5.920607111768805e-28,2.670980734660699e-28,6.464596110334304e-28,0.0
7215,149.48000000000005,261.3475945417209,474.4975170489896,505.1602898170794,1083668.1501237983,261.3519652317682,474.49999021120846,505.1600290000003,1083833.9832810008,0.1457145090447534,0.0824595078922554,-0.0086793483106152,28800.00000000001,0.0043707130618115,0.0024731686871683,-0.0002603822964557,0.0,-0.0993113696023393,51.164105593962695,0.0629649282417906,9.415382012377844,-0.0527871313061032,-21.610520376093984,28799.213895997,-25.36903401706245,0.002,-0.7701991108102795,0.0113068823892471,-0.1579045922413403,0.0,10.0,180.0,-0.6298847487996576,-5.881610391710479,0.3672924231321682,-0.5685628472763489,1.289746251609094e-28,2.960303555884402e-28,1.3354903673303495e-28,3.232298055167152e-28,0.0
7216,149.50000000000003,261.35221539998184,474.49907033876536,505.1602186310365,1084244.1517586862,261.3519652451667,474.4999902228967,505.1600290000003,1084409.9832810003,-0.008347058262642,0.030659662018652,-0.0063028746506355,28800.00000000001,-0.0002501565405718,0.0009198820319585,-0.0001893925923351,0.0,-0.0122178306253314,-51.39270839866538,0.0327322713269743,-13.796132804807447,-0.0474146416982803,-6.588056908556167,28800.686003319763,-25.80058742872729,0.002,-0.784854113796065,0.007298204625641,-0.1902467643575133,0.0,10.0,180.0,-0.2264618579204573,-5.880506717745086,0.3682233512616494,-0.5955309777634774,6.44873125804547e-29,1.480151777942201e-28,6.677451836651748e-29,1.616149027583576e-28,0.0
7217,149.52000000000004,261.350794121612,474.4995486940611,505.15999086981446,1084820.1503538887,261.35196524520154,474.49999022192696,505.1600290000003,1084985.9832810003,0.0390326567790036,0.014716636119192,0.0012385446598048,28800.00000000001,0.0011711191118996,0.0004415267235121,3.813345683904372e-05,0.0,0.1162840582077898,20.01460666964606,0.0428933736117513,10.14000773199841,-0.0107307282562205,-0.227845129035802,28799.627682502287,59.58631781889815,0.002,-0.8759211487339519,0.0052441047518763,-0.2259157085397935,0.0,10.0,180.0,-0.5215098152953452,-5.871998729068542,0.3780715047665947,-0.5964920732412224,3.224365629022735e-29,7.400758889711005e-29,3.338725918325874e-29,8.08074513791788e-29,0.0
7218,149.54000000000005,261.3519469595482,474.4999245753735,505.159877718486,1085396.1520724378,261.3519651822404,474.4999901649894,505.1600290000003,1085561.9832810003,0.0005914177452741,0.002180389856164,0.0050572046333679,28800.00000000001,1.828309367620212e-05,6.56445497069361e-05,0.0001516566018271,0.0,-0.1039691281785076,5.85206866729951,-0.0249632176783986,-3.689344669596518,-0.0131539603335781,10.858905050189929,28800.460418575687,-300.64902595150176,0.002,-0.8381119952834187,0.0078465703889536,-0.2683050205632662,0.0,10.0,180.0,-0.3820605098687664,-5.8356287549670816,0.381083987901175,-0.5732141623140911,1.6121828145113674e-29,3.7003794448555026e-29,1.669362959162937e-29,4.04037256895894e-29,0.0
7219,149.56000000000003,261.3520851475083,474.50009425139615,505.159924849094,1085972.1490342913,261.35196499955725,474.4999899996117,505.1600290000003,1086137.9832810003,-0.0040073446673955,-0.0034747960776719,0.0034841311627532,28800.00000000001,-0.0001200967711488,-0.0001042058600136,0.0001045337576095,0.0,0.0717001134475868,-1.2064649880570293,0.0366286683204558,-6.090819899170784,-0.0233491450918078,3.2878729165330385,28800.115820936968,309.3490289852479,0.002,-0.8818665565482035,0.0041252347816434,-0.3227378762957925,0.0,10.0,180.0,-0.4026950894422899,-5.833917157746033,0.3898133678940833,-0.602862884223919,8.060914072556837e-30,1.8501897224277521e-29,8.346814795814684e-30,2.02018628447947e-29,0.0
7220,149.58000000000004,261.35160772651227,474.4999174035632,505.1599137255063,1086548.150517086,261.3519649999845,474.49998999999553,505.1600290000003,1086713.9832810003,0.0119074745553231,0.0024292764550491,0.0038673172589792,28800.00000000001,0.0003572735533329,7.259645688993591e-05,0.0001162764868129,0.0,0.0077616315248092,9.77217003831384,-0.0169536356176712,11.33721267253526,4.869135638194688e-05,-2.205662854754121,28799.14514364676,-68.2334080342849,0.002,-0.781686750320218,0.0088604850903679,-0.3959862043548909,0.0,10.0,180.0,-0.4465059954070387,-5.820190619454439,0.4023939933832506,-0.5594316710894197,4.0304570362784185e-30,9.25094861213876e-30,4.173407397907342e-30,1.0100931422397349e-29,0.0
7221,149.60000000000005,261.3519769971159,474.50006787599176,505.1598200451329,1087124.1517444686,261.3519650000291,474.49999000002725,505.1600290000003,1087289.9832810003,-0.00039915136842,-0.0026021813141843,0.0069817163987109,28800.00000000001,-1.1997135460301288e-05,-7.787598387302413e-05,0.0002093535473477,0.0,-0.0258738185380343,-4.751725028384638,0.0044244913683854,-11.943433561266591,-0.010326636387168,4.88094264704513,28800.68599332637,-51.58287357099623,0.002,-0.2309730100468319,0.0092290065582616,-0.4584018131292175,0.0,10.0,180.0,-0.4130679829741547,-5.811085309361305,0.4219033556972423,-0.5955920809736572,2.015228518139209e-30,4.62547430606938e-30,2.086703698953671e-30,5.050465711198675e-30,0.0
7222,149.62000000000006,261.3519055422356,474.4999495267292,505.15967384943633,1087700.1496490922,261.35196500000563,474.49999000000497,505.1600290000003,1087865.9832810008,0.0019791119031717,0.0012885222389494,0.011856252998834,28800.00000000001,5.94577545743987e-05,4.0473268882207024e-05,0.0003559380552326,0.0,0.0244199514121898,-1.9506074143546024,0.0174971515127348,12.466422699388236,-0.0079123207360679,8.16034515630037,28799.52475132926,93.99103911867913,0.002,-0.1786124342445703,0.0118835093523812,-0.4521645936323668,0.0,10.0,180.0,-0.4333624089832332,-5.823976834109017,0.4541624160399428,-0.5976479111309121,1.0076142590696046e-30,2.312737153034689e-30,1.0433518494768356e-30,2.5252328555993376e-30,0.0
7223,149.64000000000004,261.3520020377362,474.5000946351054,505.1596826650433,1088276.1517977407,261.3519649999991,474.4999899999992,505.1600290000003,1088441.983281,-0.0012407950831341,-0.003487827648859,0.0115555907592145,28800.00000000001,-3.703773894118654e-05,-0.0001046351075155,0.000346539123644,0.0,-0.0112253991243531,1.5909798692777612,-0.0201030593836502,-5.753716283460316,0.0312636507053144,8.17870152355987,28800.424228695083,-334.8949578291412,0.002,-0.1330704278712311,0.0117434290112088,-0.4692887760849231,0.0,10.0,180.0,-0.4157267813969255,-5.795488431972691,0.4746429126088249,-0.5744644334526726,5.038071295348023e-31,1.1563685765173447e-30,5.216759247384178e-31,1.2626164277996688e-30,0.0
7224,149.66000000000005,261.3520611076089,474.5000897003213,505.1598354636113,1088852.1483922428,261.35196500000023,474.4999900000002,505.1600290000003,1089017.9832810003,-0.0032099501348442,-0.0033257702927672,0.0064662588116541,28800.00000000001,-9.610760927251966e-05,-9.97003215240388e-05,0.0001941721809431,0.0,0.0287345335353276,1.1149972109029869,0.0302522331496697,-5.492829665973018,0.011377201231036,0.8488086838360595,28800.21689483329,309.2819641185899,0.002,-0.0777165367118403,0.0128697056257913,-0.4630262628639864,0.0,10.0,180.0,-0.412908220477408,-5.802698957748228,0.4843375176570535,-0.6101022699469347,2.5190356476740115e-31,5.781842882586724e-31,2.608379623692089e-31,6.313082138998344e-31,0.0
7225,149.68000000000004,261.3519476463829,474.4999697367659,505.15992523194245,1089428.1501686731,261.35196500000023,474.4999900000002,505.1600290000003,1089593.9832810003,0.0005817674987061,0.0006778708640823,0.0034739601199125,28800.00000000001,1.7353617232171977e-05,2.026323428460137e-05,0.0001042056818723,0.0,0.001876506625757,0.7230884407803189,-0.0150194958173318,9.74838059480319,0.0068945644565054,-10.98028699749901,28799.179642869443,-94.08723307147048,0.002,-0.0508348089783278,0.0120624087984917,-0.4702191923457572,0.0,10.0,180.0,-0.4140708850835689,-5.790132235122828,0.4950774560994156,-0.5633220620536814,1.2595178238370058e-31,2.890921441293362e-31,1.3041898118460444e-31,3.156541069499172e-31,0.0
7226,149.70000000000005,261.35203803595215,474.5000385354393,505.1599729207034,1090004.151515619,261.35196500000023,474.4999900000002,505.1600290000003,1090169.9832810003,-0.0024368880874317,-0.0016130951887579,0.0018877077070394,28800.00000000001,-7.303595206538288e-05,-4.853543919844662e-05,5.669038468713793e-05,0.0,-0.0210028134174663,-5.503237612237387,-0.0082346630302266,-9.66005688322574,-0.0265058651477346,-4.145753787071857,28800.652892924983,-51.62127132723906,0.002,-0.059441585417584,0.0123464805063705,-0.4794679861766818,0.0,10.0,180.0,-0.4024179396895133,-5.783059733992845,0.4951860816238783,-0.5994418389718345,6.297589119185029e-32,1.445460720646681e-31,6.520949059230222e-32,1.578270534749586e-31,0.0
7227,149.72000000000003,261.351932087132,474.4998990298072,505.1599770565006,1090580.1493919156,261.35196500000023,474.4999900000002,505.1600290000003,1090745.9832810003,0.0010968390573007,0.0030330110636496,0.0017447314065232,28800.00000000001,3.291286804729276e-05,9.097019287243374e-05,5.2338665868574606e-05,0.0,0.0034468499542622,-1.7003472447568364,0.020502102254183,11.728041665962095,-0.0307946538370018,-2.2053660969466096,28799.42338652168,93.9693563066328,0.002,0.0514742369984452,0.0128074774216701,-0.4700288015199365,0.0,10.0,180.0,-0.4150104112388303,-5.804645200699754,0.5060415037360135,-0.5985375204033858,3.1487945595925144e-32,7.227303603233405e-32,3.260474529615111e-32,7.89135267374793e-32,0.0
7228,149.74000000000007,261.3518925871665,474.5000010856271,505.15980763982736,1091156.1510870408,261.35196500000023,474.4999900000002,505.1600290000003,1091321.9832810003,0.002418002457287,-0.0003676863794882,0.007390298036505,28800.00000000001,7.241283357693125e-05,-1.1085626949326029e-05,0.0002217576010889,0.0,-0.004388650731975,7.190674106455416,-0.0264387823025149,-3.5368285409019564,0.0039863514603628,19.27023615515574,28800.358149278025,-326.35482583249853,0.002,0.0359584852305896,0.015271357985532,-0.4800735234951208,0.0,10.0,180.0,-0.4139411736778039,-5.785711803886374,0.5118841034849618,-0.5713082363960351,1.5743972797962572e-32,3.6136518016167023e-32,1.6302372648075556e-32,3.945676336873965e-32,0.0
7229,149.76000000000005,261.35199273058265,474.500056281748,505.1600738511993,1091732.1499647018,261.35196500000023,474.4999900000002,505.1600290000003,1091897.983281,-0.0008597770369162,-0.0022107454144136,-0.0014822398093895,28800.00000000001,-2.77305825001313e-05,-6.628174792352129e-05,-4.4456508649326125e-05,0.0,0.005786482173249,3.414700808341307,0.0326901136783749,-4.38989111601066,0.0015759469245929,-5.123332113858538,28800.047278168804,232.10997139432712,0.002,-0.1016253627813328,0.0114370353820642,-0.4748860506249999,0.0,10.0,180.0,-0.4071919711501339,-5.795652233899344,0.5059003569671437,-0.6008674709836116,7.871986398981286e-33,1.8068259008083512e-32,8.151186324037778e-33,1.9728381684369823e-32,0.0
7230,149.78000000000003,261.3520957260099,474.499979941629,505.1599774268376,1092308.1492530112,261.35196500000023,474.4999900000002,505.1600290000003,1092473.9832810003,-0.0043545978822376,0.0003385742989816,0.0017344742760456,28800.00000000001,-0.000130726009757,1.005837122834183e-05,5.1958540079427726e-05,0.0,0.0140906322579579,-6.365537085513987,-0.0219604116991933,9.51107581945293,0.0800536839618458,2.9171323654477304,28799.17888012695,-33.83101601084768,0.002,-0.0280973094370957,0.0134698216379152,-0.4768590090978519,0.0,10.0,180.0,-0.3986065233722392,-5.781071163185299,0.5185054375957265,-0.5665505948069135,3.935993199490643e-33,9.034129504041756e-33,4.075593162018889e-33,9.864190842184911e-33,0.0
7231,149.80000000000004,261.3520157596701,474.500102137976,505.1600189505404,1092884.1509120043,261.35196500000023,474.4999900000002,505.1600290000003,1093049.9832810003,-0.0016889867106608,-0.0037375280159369,0.0003740763528107,28800.00000000001,-5.0759670035162966e-05,-0.0001121379757954,1.0638891217274669e-05,0.0,0.0058948767543965,-2.955113968537333,0.0049290436899077,-12.073022988086954,0.0121628755155137,-0.3748493936490042,28800.68464898425,-25.85174096102376,0.002,-0.0789086231960116,0.0120447375985399,-0.4740282414681444,0.0,10.0,180.0,-0.3976850680735736,-5.770155802952739,0.495069669070786,-0.5935049103402923,1.9679965997453212e-33,4.517064752020878e-33,2.0377965810094444e-33,4.9320954210924556e-33,0.0
7232,149.82000000000002,261.351908336087,474.4999107180855,505.1601132402196,1093460.1493902754,261.35196500000023,474.4999900000002,505.1600290000003,1093625.9832810003,0.0018893484439655,0.002643416740313,-0.0027997815480439,28800.00000000001,5.666391305544517e-05,7.928191461871109e-05,-8.403220071051669e-05,0.0,-0.0115275851287074,0.974647224378107,0.0170221442777982,11.35229750823276,-0.0234801880358386,-5.1251558299953,28799.42084486276,59.590887319426656,0.002,0.031096262465622,0.0145877740812923,-0.4689915551791317,0.0,10.0,180.0,-0.4013918893512201,-5.791781896405358,0.4882676621939873,-0.5935399036372935,9.83998299872661e-34,2.258532376010439e-33,1.0188982905047222e-33,2.4660477105462278e-33,0.0
7233,149.84000000000006,261.3518866710952,474.499991375568,505.1600376263367,1094036.1511349734,261.35196500000023,474.4999900000002,505.1600290000003,1094201.983281,0.0026081777006284,-5.2508645958730325e-05,-0.0002792361532686,28800.00000000001,7.832890486226545e-05,-1.3755678367286017e-06,-8.407964829711469e-06,0.0,-0.0062874451920693,4.655101534023734,-0.024947561152334,-6.813290232296161,-0.0093302980728034,4.037062372625552,28800.527188587024,-343.489037551066,0.002,-0.0640505332189032,0.0142448077062257,-0.478997845718809,0.0,10.0,180.0,-0.4051193717495857,-5.773840298737749,0.4833855212100573,-0.5744358254228477,4.919991499363305e-34,1.1292661880052196e-33,5.094491452523611e-34,1.2330238552731139e-33,0.0
7234,149.86000000000007,261.35194328364616,474.50002534104186,505.16015170182106,1094612.1485549142,261.35196500000023,474.4999900000002,505.1600290000003,1094777.983281,0.0007175908176666,-0.0011771552690332,-0.0040704255490626,28800.00000000001,2.171635390639691e-05,-3.5341041671788164e-05,-0.0001218946536072,0.0,0.0160901236372937,2.9541941458300114,0.030300249563095,-5.015662372274187,-0.0259129487295626,4.01182618389884,28800.182262296905,335.03752312378214,0.002,-0.0196886127488298,0.0124818958511698,-0.4709638753078505,0.0,10.0,180.0,-0.4071704808859036,-5.791679466846089,0.4706544620433933,-0.6029325781247243,2.4599957496816523e-34,5.646330940026097e-34,2.5472457262618056e-34,6.1651192763655695e-34,0.0
7235,149.88000000000005,261.35205441897807,474.4999563019799,505.1599968271772,1095188.1496473183,261.35196500000023,474.4999900000002,505.1600290000003,1095353.9832810003,-0.0029869136369177,0.0011226695498173,0.0010423955666199,28800.00000000001,-8.941897795571533e-05,3.369802024011932e-05,3.236082889871208e-05,0.0,0.0160576422150423,-4.013863781681732,-0.0194428389847048,10.261300212171925,0.0292840483887985,1.0986512573995473,28799.17993742413,-111.30525114566088,0.002,0.0056742954515805,0.0156245863564828,-0.4717486252553512,0.0,10.0,180.0,-0.3995456356390933,-5.778127465570472,0.4745433517036755,-0.5654674901650794,1.2299978748408262e-34,2.8231654700130487e-34,1.2736228631309028e-34,3.082559638182785e-34,0.0
7236,149.90000000000003,261.35204798953345,474.5000977093952,505.1600723715112,1095764.1501449996,261.35196500000023,474.4999900000002,505.1600290000003,1095929.983281,-0.0027629587694734,-0.0035972460018762,-0.0014291653378151,28800.00000000001,-8.29895333546283e-05,-0.0001077093951733,-4.2586570959420966e-05,0.0,0.0028841996508729,-3.666465196556536,0.0019738096909708,-11.220896833393072,-0.0082144670546161,4.626645744689286,28800.655197975044,-17.36092897580004,0.002,-0.1193880150879338,0.011579800787331,-0.4734201696820205,0.0,10.0,180.0,-0.3917131864255612,-5.768141072468166,0.4589706213282363,-0.5954321594015842,6.149989374204131e-35,1.4115827350065243e-34,6.368114315654514e-35,1.5412798190913924e-34,0.0
7237,149.92000000000002,261.3520123157482,474.4999520688185,505.16017338602416,1096340.1489328034,261.35196500000023,474.4999900000002,505.1600290000003,1096505.983281,-0.0015075155865089,0.0012665572014134,-0.0048013052481674,28800.00000000001,-4.731574806164903e-05,3.793118168329648e-05,-0.0001439820834715,0.0,-0.0199970895714033,-2.93889595175633,0.0189695969211774,10.129193676771427,0.0278042960827438,-9.648288794923316,28799.425493677823,51.11924350186348,0.002,0.0679386113674014,0.0184600215257012,-0.4596357108250347,0.0,10.0,180.0,-0.3847104789015962,-5.782984837868054,0.4551227792373472,-0.595484990867271,3.074994687102065e-35,7.057913675032622e-35,3.184057157827257e-35,7.706399095456962e-35,0.0
7238,149.94000000000003,261.3519253583485,474.4999871619516,505.16002285135056,1096916.150340613,261.35196500000023,474.4999900000002,505.1600290000003,1097081.983281,0.0013260203788036,8.960965544316211e-05,0.0002096329432557,28800.00000000001,3.9641651626603136e-05,2.838048548811444e-06,6.173800271731979e-06,0.0,0.00397939800742,5.015032658217039,-0.0245049913809871,-5.60236778392799,-0.0449549395588211,-1.700826205746257,28800.391323198244,-274.6723904573332,0.002,-0.013815818946652,0.0157037767536662,-0.4664678703940175,0.0,10.0,180.0,-0.3924571242647737,-5.768187937101999,0.4423830541177471,-0.5713367542348593,1.5374973435510324e-35,3.528956837516311e-35,1.5920285789136285e-35,3.8531995477284815e-35,0.0
7239,149.96000000000004,261.3518670971941,474.4999963103864,505.1604175160935,1097492.1484436963,261.35196500000023,474.4999900000002,505.1600290000003,1097657.9832810003,0.0032732820272089,-0.0001946628294806,-0.012943038035653,28800.00000000001,9.79028059614471e-05,-6.3103862581859895e-06,-0.0003884893622153,0.0,0.0047582578271671,5.614600996372103,0.0244555651074318,-4.769207153166898,-0.0029044417767419,-22.088820194680167,28800.181395648346,292.2048875826571,0.002,0.0167962368252329,0.0152239761113526,-0.467317445046467,0.0,10.0,180.0,-0.4003842112026857,-5.784206166649403,0.4295882650818093,-0.596825527336746,7.687486717755162e-36,1.7644784187581554e-35,7.960142894568142e-36,1.9265997738642407e-35,0.0
7240,149.98000000000005,261.3519873321862,474.4999323951636,505.160122872147,1098068.148601945,261.35196500000023,474.4999900000002,505.1600290000003,1098233.9832810003,-0.0007334302883007,0.001918252284702,-0.0031771119341374,28800.00000000001,-2.233218607173972e-05,5.760483654736941e-05,-9.36579956444118e-05,0.0,0.006299922599909,-3.3016046255152234,-0.0223427280485653,9.898328880916972,0.037570169843469,-4.986749201300208,28799.212464846,-76.95031872932319,0.002,0.0006915559740419,0.0161062037360966,-0.4734465711093128,0.0,10.0,180.0,-0.3966240553908869,-5.778407415874428,0.4413001248369067,-0.5634867870994321,3.843743358877581e-36,8.822392093790777e-36,3.980071447284071e-36,9.632998869321204e-36,0.0
7241,150.00000000000006,261.35203830330664,474.5000986903885,505.1600906082143,1098644.1499580252,261.35196500000023,474.4999900000002,505.1600290000003,1098809.9832810003,-0.0024363073835555,-0.0036170350520725,-0.0020415393049191,28800.00000000001,-7.330330654223081e-05,-0.0001086903883859,-6.120206283379199e-05,0.0,-0.0004827286127212,-4.390151671943063,-0.0024004012841503,-10.994445225485808,0.0336239753285818,4.761061469237322,28800.756531017767,-25.99738098147364,0.002,-0.0898663479737245,0.013549316161694,-0.4669655014362946,0.0,10.0,180.0,-0.3897894282256796,-5.764371324029212,0.4316299334571677,-0.5934690408321404,1.9218716794387905e-36,4.4111960468953886e-36,1.990035723642036e-36,4.816499434660602e-36,0.0
7242,150.02,261.3520197699108,474.4999698190812,505.1601746398886,1099220.1478170685,261.35196500000023,474.4999900000002,505.1600290000003,1099385.983281,-0.0018171503421437,0.0006900030757825,-0.0048496177490854,28800.00000000001,-5.476991069868659e-05,2.018091901655709e-05,-0.0001456383980621,0.0,-0.0115861570271611,0.1145460838055179,0.0209281679043904,11.365349678507595,0.0200101714008152,-18.554012830745062,28799.492838057216,102.50925015380362,0.002,0.02478795134783,0.0081099866295378,-0.4816863877554843,0.0,10.0,180.0,-0.3838107389103129,-5.78104018281078,0.4258625046026139,-0.5985951487225833,9.609358397193953e-37,2.2055980234476943e-36,9.950178618210178e-37,2.408249717330301e-36,0.0
7243,150.04000000000005,261.3519620298942,474.50001840317816,505.159998335168,1099796.150222964,261.35196500000023,474.4999900000002,505.1600290000003,1099961.9832810003,0.0001014887607428,-0.0009465056460744,0.0010325712710418,28800.00000000001,2.970105951458584e-06,-2.84031780865088e-05,3.066059961526211e-05,0.0,-0.0038712170608298,5.866734284229401,-0.0279458436815406,-6.477294661702402,-0.0195107873606582,4.398309537853224,28800.49211714293,-334.89682945930224,0.002,0.7536663771831703,0.0194946839163397,-0.4107737335274097,0.0,10.0,180.0,-0.3817949353101761,-5.759339078065897,0.4209799506296383,-0.5680447289540411,4.804679198596976e-37,1.1027990117238471e-36,4.975089309105089e-37,1.2041248586651505e-36,0.0
7244,150.06,261.35188023466543,474.4999805667376,505.15996034466,1100372.147665426,261.35196500000023,474.4999900000002,505.1600290000003,1100537.983281,0.0028252844029797,0.000316913332177,0.0023032210535046,28800.00000000001,8.476533464806613e-05,9.433262596071374e-06,6.925300197574785e-05,0.0,0.0131195152731102,6.4729099866353055,0.0258788904157604,-4.765446424901964,-0.0371101403925252,21.11718334566931,28800.11004539982,300.85794756502304,0.002,0.7259116725889398,0.0185011277171007,-0.3594723028823704,0.0,10.0,180.0,-0.3906319272463272,-5.780266182129009,0.4189434728079028,-0.6017726548478768,2.402339599298488e-37,5.513995058619236e-37,2.4875446545525445e-37,6.020624293325752e-37,0.0
7245,150.08,261.3519355765326,474.4998900142027,505.1608000231925,1100948.1480802766,261.35196500000023,474.4999900000002,505.1600290000003,1101113.9832810008,0.0009830859410859,0.0033303623324997,-0.0256874783804701,28800.00000000001,2.942346756946853e-05,9.99857974157878e-05,-0.0007708209539696,0.0,0.0116100996511009,-3.1803528841855337,-0.0200316444151724,12.088262236199862,-0.0639237860116508,-0.9703906247525834,28799.21400159756,-102.52784928339966,0.002,0.6462859562630541,0.0179115480356557,-0.3089614667229921,0.0,10.0,180.0,-0.3945693085375229,-5.776525978821095,0.3251437389983577,-0.5723649873209599,0.0,0.0,0.0,0.0,0.0
