Unnamed: 0,time,pos_x,pos_y,pos_z,pos_sp,cmd_pos_x,cmd_pos_y,cmd_pos_z,cmd_pos_sp,cmd_v_x,cmd_v_y,cmd_v_z,cmd_v_sp,cont_dev_x,cont_dev_y,cont_dev_z,cont_dev_sp,v_x,a_x,v_y,a_y,v_z,a_z,v_sp,a_sp,time_diff,f_x,f_y,f_z,a_p,a_e,phi,curr_x,curr_y,curr_z,curr_sp,f_x_sim,f_y_sim,f_z_sim,f_sp_sim,materialremoved_sim
0,0.009,263.1499404,480.8777989,556.7530782,146.96922149999995,263.149936,480.8778,556.753073,187.549156,-7.120000000000001e-05,1.299999999999999e-06,-8.329999999999999e-05,0.0,-4.1e-06,1.1e-06,-5e-06,0.0,-0.000450000001706,0.2187500012240661,-0.0005000000015797,0.5500000007430117,2.8421709430404007e-12,0.1937499988002855,0.0,0.0,0.002,0.0078985595703125,0.010150146484375,-0.0004473876953125,0.0,10.0,180.0,-0.3222659,-5.5219727,0.4291997,0.0,0.0,0.0,0.0,0.0,0.0
1,0.019,263.1499376,480.8777978,556.753079,146.96908409999998,263.149936,480.8778,556.753073,187.549156,-1.4900000000000005e-05,2.599999999999998e-06,-0.0001114,0.0,-1.0999999999999996e-06,2.2e-06,-6.000000000000001e-06,0.0,0.0,0.0500000005843048,0.0,0.0062500003394916,-0.0005000000015797,0.006250000694763,-0.0343499999999608,0.0,0.002,0.0076953125,0.0102252197265625,-0.0005914306640625,0.0,10.0,180.0,-0.3232424,-5.5219727,0.4287113999999999,0.0,0.0,0.0,0.0,0.0,0.0
2,0.0389999999999999,263.1499385,480.8778018,556.7530740999999,146.9689467,263.149936,480.8778,556.753073,187.549156,0.0,-4.69e-05,4.19e-05,0.0,-2e-06,-1.7999999999999995e-06,-1e-06,0.0,0.0,-0.1125000004265075,0.0002249999994319,-0.062500000197474,0.0,0.125000000394948,0.0,-4.2937499999951,0.002,0.0080633544921875,0.010350341796875,-0.0004449462890625,0.0,10.0,180.0,-0.3217777,-5.5219727,0.4267582,0.0,0.0,0.0,0.0,0.0,0.0
3,0.059,263.1499404,480.877799,556.753076,146.9690154,263.149936,480.8778,556.753073,187.549156,-5.63e-05,4.95e-05,-5.57e-05,0.0,-4e-06,1.0000000000000002e-06,-2.9999999999999992e-06,0.0,0.0004750000002218,0.0624999998422026,2.500000135796654e-05,0.1187500000554564,0.0,-0.2500000000793534,0.0,4.2937499999951,0.002,0.0079229736328125,0.0101812744140625,-0.0005267333984375,0.0,10.0,180.0,-0.3227541,-5.522461,0.4277347999999999,0.0,0.0,0.0,0.0,0.0,0.0
4,0.0789999999999999,263.1499394,480.877799,556.7530721,146.9690154,263.149936,480.8778,556.753073,187.549156,-2.980000000000001e-05,9.9e-05,4.19e-05,0.0,-3.2e-06,1e-06,1.0000000000000002e-06,0.0,-0.000225000000853,-0.1249999996844053,-0.0002500000007898,0.0,-0.0002249999994319,0.1812499995423877,0.0,0.0,0.002,0.0077587890625,0.0103515625,-0.0005975341796875,0.0,10.0,180.0,-0.3222659,-5.5229493,0.4272465,0.0,0.0,0.0,0.0,0.0,0.0
5,0.099,263.1499366,480.8778027,556.7530752,146.96908409999998,263.149936,480.8778,556.753073,187.549156,4.14e-05,-9.51e-05,2.81e-05,0.0,-9.999999999999989e-08,-2.7e-06,-2e-06,0.0,-0.0002499999993688,0.1187500000554564,0.0004750000002218,-0.1124999997159648,0.0004749999988007,-0.118749999700185,0.0171749999999804,-8.5874999999902,0.002,0.0079766845703125,0.0100390625,-0.0005743408203125,0.0,10.0,180.0,-0.3227542,-5.5229493,0.4282231,0.0,0.0,0.0,0.0,0.0,0.0
6,0.119,263.1499443,480.8777989,556.7530730999999,146.9690842,263.149936,480.8778,556.753073,187.549156,-0.0001776999999999,5.08e-05,4.19e-05,0.0,-7.9e-06,1.1e-06,5.082197683525802e-22,0.0,0.0,-0.1125000004265075,-0.0004750000002218,0.1749999999134388,-0.0002499999993688,0.118749999700185,0.0,0.0,0.002,0.00767822265625,0.01045166015625,-0.0004742431640625,0.0,10.0,180.0,-0.322266,-5.5229493000000005,0.4267582,0.0,0.0,0.0,0.0,0.0,0.0
7,0.139,263.1499377,480.8778018,556.7530730999999,146.96901549999998,263.149936,480.8778,556.753073,187.549156,-7.120000000000001e-05,-9.64e-05,4.19e-05,0.0,-1.0999999999999998e-06,-1.7999999999999995e-06,5.929230630780102e-22,0.0,0.0,0.1125000004265075,0.0002249999994319,-0.1812500002529304,-0.0002499999993688,-0.1812499995423877,-0.0171749999999804,12.8812499999853,0.002,0.0082073974609375,0.01030029296875,-0.0004681396484375,0.0,10.0,180.0,-0.3227542,-5.521972699999999,0.4287113999999999,0.0,0.0,0.0,0.0,0.0,0.0
8,0.1589999999999999,263.1499357,480.8777979,556.753074,146.9690841,263.149936,480.8778,556.753073,187.549156,4.14e-05,1.299999999999999e-06,0.0,0.0,9.000000000000002e-07,2.1e-06,-9.999999999999991e-07,0.0,-0.0002499999993688,0.1187500000554564,2.500000135796654e-05,0.0,0.0002499999993688,0.1249999996844053,0.0171749999999804,0.0,0.002,0.007685546875,0.0102264404296875,-0.0005609130859375,0.0,10.0,180.0,-0.3212894,-5.521972700000001,0.4287113999999999,0.0,0.0,0.0,0.0,0.0,0.0
9,0.179,263.1499385,480.877799,556.753075,146.9692902,263.149936,480.8778,556.753073,187.549156,0.0,0.0,0.0,0.0,-2e-06,1e-06,-1.9999999999999995e-06,0.0,0.0002499999993688,-0.0562500002132537,-0.0002500000007898,0.1812500002529304,0.0002500000022109,0.125000000394948,-0.0171749999999804,-4.2937499999951,0.002,0.0079669189453125,0.0103070068359375,-0.0004254150390625,0.0,10.0,180.0,-0.322266,-5.522461,0.4277347999999999,0.0,0.0,0.0,0.0,0.0,0.0
10,0.199,263.1499385999999,480.877798,556.753078,146.9690154,263.149936,480.8778,556.753073,187.549156,-7.120000000000001e-05,9.9e-05,-5.57e-05,0.0,-2.1e-06,2.0000000000000003e-06,-5e-06,0.0,-0.000225000000853,-0.2437499997398617,0.0,-0.1875000005924221,-0.0002500000022109,-0.2500000000793534,0.0,0.0,0.002,0.0079229736328125,0.0101611328125,-0.0006787109375,0.0,10.0,180.0,-0.3232424,-5.521972699999999,0.4277347999999999,0.0,0.0,0.0,0.0,0.0,0.0
11,0.219,263.1499358,480.8777998000001,556.753077,146.968878,263.149936,480.8778,556.753073,187.549156,-1.4900000000000005e-05,-4.69e-05,-5.57e-05,0.0,9.000000000000005e-07,2.000000000000002e-07,-3.999999999999999e-06,0.0,0.000450000001706,0.1812499998976591,0.0002500000007898,0.0687500005369656,0.0002499999993688,0.0,0.0,0.0,0.002,0.007838134765625,0.0104144287109375,-0.0004248046875,0.0,10.0,180.0,-0.322266,-5.522461000000001,0.4267582,0.0,0.0,0.0,0.0,0.0,0.0
12,0.239,263.1499357,480.8778009,556.753076,146.96880949999996,263.149936,480.8778,556.753073,187.549156,2.65e-05,1.299999999999999e-06,-5.57e-05,0.0,8.000000000000005e-07,-9.000000000000001e-07,-2.9999999999999992e-06,0.0,-0.000225000000853,-0.1812499998976591,0.0,0.1187500000554564,-0.0002499999993688,0.0624999991316599,0.0,4.28750000001088,0.002,0.0079351806640625,0.0101263427734375,-0.0007147216796875,0.0,10.0,180.0,-0.322266,-5.5229493,0.4282231,0.0,0.0,0.0,0.0,0.0,0.0
13,0.259,263.1499366,480.8777989,556.753077,146.9689467,263.149936,480.8778,556.753073,187.549156,2.65e-05,8.329999999999999e-05,0.0,0.0,-1.9999999999999962e-07,1.1000000000000005e-06,-4e-06,0.0,0.0,0.0624999998422026,-0.0002500000007898,-0.1187500000554564,0.0005000000015797,0.1250000011054908,0.0171749999999804,-8.58125000000598,0.002,0.0078692626953125,0.010223388671875,-0.0004949951171875,0.0,10.0,180.0,-0.3227542,-5.5214844,0.4277347999999999,0.0,0.0,0.0,0.0,0.0,0.0
14,0.279,263.1499376,480.8778019,556.7530770000001,146.968878,263.149936,480.8778,556.753073,187.549156,0.0,-4.82e-05,-5.57e-05,0.0,-9.999999999999995e-07,-1.9e-06,-3.999999999999999e-06,0.0,0.0,0.1187500000554564,0.0002500000007898,0.0562499998579824,-0.0005000000015797,-0.0625000005527454,-0.0171749999999804,8.5874999999902,0.002,0.0077606201171875,0.010230712890625,-0.00072509765625,0.0,10.0,180.0,-0.322266,-5.523437599999999,0.4272465,0.0,0.0,0.0,0.0,0.0,0.0
15,0.299,263.1499375,480.877798,556.7530721999999,146.9689467,263.149936,480.8778,556.753073,187.549156,4.14e-05,4.95e-05,2.81e-05,0.0,-1.0999999999999992e-06,2.0000000000000003e-06,1.0000000000000006e-06,0.0,-0.000225000000853,-0.0562500002132537,-0.0002500000007898,0.0,-0.0004749999988007,-0.1812500002529304,0.0,-4.2937499999951,0.002,0.008167724609375,0.0101947021484375,-0.0004498291015625,0.0,10.0,180.0,-0.322266,-5.522461,0.4282231,0.0,0.0,0.0,0.0,0.0,0.0
16,0.319,263.1499347,480.877797,556.7530721999999,146.9688094,263.149936,480.8778,556.753073,187.549156,8.28e-05,0.0001315,8.38e-05,0.0,1.8000000000000003e-06,3e-06,1.0000000000000006e-06,0.0,0.0007000000010748,0.1812499998976591,-0.0002499999993688,0.1250000000396767,0.0004749999988007,0.3625000005058609,0.0,0.0,0.002,0.007601318359375,0.0104718017578125,-0.0005303955078125,0.0,10.0,180.0,-0.3227542,-5.523437599999999,0.4291997,0.0,0.0,0.0,0.0,0.0,0.0
17,0.339,263.1499348,480.8778,556.7530770000001,146.968878,263.149936,480.8778,556.753073,187.549156,1.1599999999999987e-05,4.95e-05,-5.57e-05,0.0,1.7000000000000009e-06,0.0,-3.999999999999999e-06,0.0,-0.0007249999995906,0.0500000005843048,0.0005000000001587,-0.1874999998818793,-0.0002499999993688,-0.2437500000951331,0.0,0.0,0.002,0.0081982421875,0.0099725341796875,-0.000699462890625,0.0,10.0,180.0,-0.322266,-5.523437599999999,0.4282231,0.0,0.0,0.0,0.0,0.0,0.0
18,0.359,263.1499385,480.8777979,556.753073,146.968878,263.149936,480.8778,556.753073,187.549156,-1.4900000000000005e-05,0.0001328,0.0,0.0,-2.1e-06,2.1e-06,9.317362419797304e-22,0.0,0.0002499999993688,-0.1750000002687102,0.0,-3.552713678800501e-10,0.0002499999993688,0.0625000005527454,0.0171749999999804,4.2937499999951,0.002,0.0076336669921875,0.0104010009765625,-0.0004608154296875,0.0,10.0,180.0,-0.322266,-5.5234376,0.4282231,0.0,0.0,0.0,0.0,0.0,0.0
19,0.379,263.1499385,480.8778009,556.753078,146.96894679999997,263.149936,480.8778,556.753073,187.549156,0.0,-3.12e-05,-5.57e-05,0.0,-1.9999999999999995e-06,-9.000000000000002e-07,-4.999999999999999e-06,0.0,0.0,-0.0562500002132537,-0.0002500000007898,0.062500000197474,-0.0002499999993688,-0.0625000005527454,-0.0343250000000239,4.28750000001088,0.002,0.0081256103515625,0.010111083984375,-0.000684814453125,0.0,10.0,180.0,-0.3227542,-5.5244142,0.4277347999999999,0.0,0.0,0.0,0.0,0.0,0.0
20,0.399,263.1499348,480.877799,556.7530721,146.96894679999997,263.149936,480.8778,556.753073,187.549156,4.14e-05,0.0,4.19e-05,0.0,1.9000000000000004e-06,1e-06,1.0000000000000006e-06,0.0,0.0,0.0562500002132537,0.0,0.062500000197474,0.0,-0.0624999998422026,0.0171500000000435,-8.58125000000598,0.002,0.0077655029296875,0.0103302001953125,-0.0004107666015625,0.0,10.0,180.0,-0.322266,-5.524414200000001,0.4282231,0.0,0.0,0.0,0.0,0.0,0.0
21,0.4189999999999999,263.1499375,480.8778019,556.7530701,146.968878,263.149936,480.8778,556.753073,187.549156,2.65e-05,1.299999999999999e-06,4.19e-05,0.0,-1.1999999999999995e-06,-1.9e-06,3.0000000000000005e-06,0.0,0.0,0.0062499996289488,0.0,-0.0062500003394916,0.0,0.1812499995423877,0.0171749999999804,4.2937499999951,0.002,0.007860107421875,0.010247802734375,-0.000748291015625,0.0,10.0,180.0,-0.3227542,-5.5229493,0.4277347999999999,0.0,0.0,0.0,0.0,0.0,0.0
22,0.439,263.1499358,480.8778008000001,556.753075,146.9690154,263.149936,480.8778,556.753073,187.549156,-1.4900000000000005e-05,-4.69e-05,0.0,0.0,9.000000000000005e-07,-8e-07,-1.999999999999999e-06,0.0,0.0,0.1062500007975586,0.0,0.0062500003394916,0.0,-0.118749999700185,-0.0171749999999804,-4.2937499999951,0.002,0.00811279296875,0.0101177978515625,-0.000565185546875,0.0,10.0,180.0,-0.3227542,-5.523437599999999,0.4287113999999999,0.0,0.0,0.0,0.0,0.0,0.0
23,0.4589999999999999,263.1499357,480.8778038,556.753075,146.9689467,263.149936,480.8778,556.753073,187.549156,4.14e-05,-7.94e-05,-5.57e-05,0.0,9.000000000000005e-07,-3.8e-06,-1.999999999999999e-06,0.0,0.0,0.0,0.0002500000007898,-0.125000000394948,0.0,0.0,0.0,4.2937499999951,0.002,0.00760498046875,0.010281982421875,-0.0005816650390625,0.0,10.0,180.0,-0.3227542,-5.523437599999999,0.4282231,0.0,0.0,0.0,0.0,0.0,0.0
24,0.479,263.1499364,480.8778029,556.753075,146.9689467,263.149936,480.8778,556.753073,187.549156,0.0001154,-8.07e-05,0.0,0.0,-1.9999999999999962e-07,-2.9e-06,-1.999999999999999e-06,0.0,-0.0002499999993688,0.0062499996289488,0.0004749999988007,-0.056249999502711,0.0002499999993688,-0.0562499998579824,0.0,-4.2937499999951,0.002,0.0081207275390625,0.01029541015625,-0.0005584716796875,0.0,10.0,180.0,-0.3232424,-5.5234376,0.4272465,0.0,0.0,0.0,0.0,0.0,0.0
25,0.499,263.1499346,480.8777969,556.7530761,146.96908409999998,263.149936,480.8778,556.753073,187.549156,0.0001154,1.83e-05,-6.95e-05,0.0,1.8000000000000003e-06,3.100000000000001e-06,-2.9999999999999992e-06,0.0,0.0002499999993688,-0.0624999998422026,-0.0009750000003805,0.1812499995423877,0.0002500000022109,-0.0687500005369656,0.0,-4.2937499999951,0.002,0.007747802734375,0.01010009765625,-0.0005975341796875,0.0,10.0,180.0,-0.3232424,-5.5229493,0.4287113999999999,0.0,0.0,0.0,0.0,0.0,0.0
26,0.519,263.1499374,480.8778009,556.753076,146.9689467,263.149936,480.8778,556.753073,187.549156,8.28e-05,-4.82e-05,0.0,0.0,-1.199999999999999e-06,-8.999999999999992e-07,-2.9999999999999992e-06,0.0,-0.0002499999993688,-0.1125000004265075,0.0002500000007898,-0.0687500001816943,-2.8421709430404007e-12,0.006250000694763,0.0,4.2937499999951,0.002,0.008016357421875,0.0104315185546875,-0.000584716796875,0.0,10.0,180.0,-0.3251952,-5.523437599999999,0.4282231,0.0,0.0,0.0,0.0,0.0,0.0
27,0.539,263.1499367,480.8777998000001,556.7530721,146.9689467,263.149936,480.8778,556.753073,187.549156,-1.4900000000000005e-05,2.599999999999998e-06,4.19e-05,0.0,-9.999999999999949e-08,2.000000000000008e-07,1.000000000000001e-06,0.0,0.0002499999993688,0.1687500006397613,-0.0002499999993688,0.1312500003791683,-0.0002499999993688,0.1812499995423877,0.0,-4.2937499999951,0.002,0.0079217529296875,0.0100634765625,-0.000611572265625,0.0,10.0,180.0,-0.3251952,-5.5229493,0.4277347999999999,0.0,0.0,0.0,0.0,0.0,0.0
28,0.5589999999999999,263.1499376,480.8777998000001,556.753076,146.9688094,263.149936,480.8778,556.753073,187.549156,0.0,-4.69e-05,-5.57e-05,0.0,-9.999999999999991e-07,2.0000000000000097e-07,-2.999999999999999e-06,0.0,0.000225000000853,-0.0562500002132537,-1.4210854715202004e-12,-0.1250000000396767,-0.0002499999993688,-0.0624999998422026,0.0171749999999804,8.5874999999902,0.002,0.0079107666015625,0.0105010986328125,-0.0006201171875,0.0,10.0,180.0,-0.3251952,-5.522461,0.4282230999999999,0.0,0.0,0.0,0.0,0.0,0.0
29,0.579,263.1499405,480.877799,556.7530730000001,146.9689467,263.149936,480.8778,556.753073,187.549156,-8.88e-05,0.0,0.0,0.0,-3.999999999999999e-06,1.000000000000001e-06,9.317362419797304e-22,0.0,-0.000225000000853,-0.1125000004265075,1.4210854715202004e-12,-0.0062499999842202,0.0002499999993688,-0.1249999996844053,-0.0171749999999804,-4.2937499999951,0.002,0.008023681640625,0.0100555419921875,-0.000546875,0.0,10.0,180.0,-0.3247069999999999,-5.522461,0.4282231,0.0,0.0,0.0,0.0,0.0,0.0
30,0.599,263.1499347,480.8778027,556.7530710999999,146.96894669999998,263.149936,480.8778,556.753073,187.549156,8.28e-05,-7.81e-05,4.19e-05,0.0,1.800000000000001e-06,-2.699999999999999e-06,2.0000000000000008e-06,0.0,-0.0004750000002218,0.1187500000554564,0.0007249999995906,0.0,0.0,0.1249999996844053,0.0,0.0,0.002,0.0078753662109375,0.010418701171875,-0.0006292724609375,0.0,10.0,180.0,-0.3242188,-5.522461,0.4272465,0.0,0.0,0.0,0.0,0.0,0.0
31,0.619,263.1499404,480.8777999,556.7530720999999,146.9689467,263.149936,480.8778,556.753073,187.549156,-5.63e-05,5.08e-05,4.19e-05,0.0,-3.999999999999999e-06,1.0000000000000092e-07,1.000000000000001e-06,0.0,0.0004750000002218,0.0,-0.0007250000010117,0.1312500000238969,0.0002499999993688,0.0,0.0,0.0,0.002,0.0079034423828125,0.010133056640625,-0.00056884765625,0.0,10.0,180.0,-0.3256834,-5.522461,0.4282231,0.0,0.0,0.0,0.0,0.0,0.0
32,0.639,263.1499358,480.877799,556.753074,146.9690154,263.149936,480.8778,556.753073,187.549156,-1.4900000000000005e-05,4.95e-05,0.0,0.0,9.000000000000004e-07,1.000000000000001e-06,-9.999999999999991e-07,0.0,0.0002499999993688,0.0562500002132537,0.0,-0.1250000000396767,-0.0002499999993688,0.1249999996844053,0.0,0.0,0.002,0.00802978515625,0.010238037109375,-0.0005511474609375,0.0,10.0,180.0,-0.3247069999999999,-5.522461,0.4272465,0.0,0.0,0.0,0.0,0.0,0.0
33,0.659,263.1499395,480.8777988,556.7530740999999,146.9690154,263.149936,480.8778,556.753073,187.549156,-5.63e-05,-4.69e-05,4.19e-05,0.0,-3e-06,1.2000000000000012e-06,-9.999999999999991e-07,0.0,-0.0002499999993688,-0.1187500000554564,0.0,0.062500000197474,0.0002499999993688,-0.1249999996844053,0.0,0.0,0.002,0.0077105712890625,0.0104217529296875,-0.000537109375,0.0,10.0,180.0,-0.3247069999999999,-5.522461,0.4277347999999999,0.0,0.0,0.0,0.0,0.0,0.0
34,0.679,263.1499366,480.8778,556.753075,146.9689467,263.149936,480.8778,556.753073,187.549156,4.14e-05,0.0,-5.57e-05,0.0,-9.999999999999973e-08,9.317362419797304e-22,-1.999999999999999e-06,0.0,-0.0004750000002218,0.0,0.0005000000015797,-0.125000000394948,-0.0004999999987376,-0.125000000394948,0.0171749999999804,4.2937499999951,0.002,0.0081439208984375,0.010152587890625,-0.00056396484375,0.0,10.0,180.0,-0.3232424,-5.522461,0.4287113999999999,0.0,0.0,0.0,0.0,0.0,0.0
35,0.6990000000000001,263.1499394,480.8777999,556.7530721,146.9691528,263.149936,480.8778,556.753073,187.549156,-1.4900000000000005e-05,5.08e-05,4.19e-05,0.0,-3.0999999999999995e-06,1.0000000000000092e-07,1.0000000000000006e-06,0.0,0.0002499999993688,-0.1187500000554564,-0.0005000000001587,0.0062500003394916,0.0004999999987376,0.0625000005527454,0.0,0.0,0.002,0.007593994140625,0.0104144287109375,-0.0005511474609375,0.0,10.0,180.0,-0.3227542,-5.522461,0.4277347999999999,0.0,0.0,0.0,0.0,0.0,0.0
36,0.719,263.1499395,480.8778,556.7530749999999,146.9690154,263.149936,480.8778,556.753073,187.549156,-8.61e-05,4.95e-05,0.0,0.0,-3.2e-06,8.470329472543003e-22,-1.999999999999999e-06,0.0,0.0007000000010748,0.0562500002132537,-1.4210854715202004e-12,0.1187500000554564,-0.0002499999993688,0.1249999996844053,-0.0171749999999804,-4.2937499999951,0.002,0.00817626953125,0.0103131103515625,-0.0005877685546875,0.0,10.0,180.0,-0.3237306,-5.522461,0.4282231,0.0,0.0,0.0,0.0,0.0,0.0
37,0.739,263.1499385,480.877798,556.7530741,146.968878,263.149936,480.8778,556.753073,187.549156,0.0,0.0,4.19e-05,0.0,-2e-06,2.000000000000001e-06,-9.999999999999991e-07,0.0,-0.0004750000002218,0.1187500000554564,0.0004750000002218,-0.0062500003394916,0.0002499999993688,-0.1249999996844053,0.0,0.0,0.002,0.0077752685546875,0.010181884765625,-0.00036376953125,0.0,10.0,180.0,-0.3237306,-5.522461,0.4277347999999999,0.0,0.0,0.0,0.0,0.0,0.0
38,0.759,263.1499394,480.8778029,556.7530749999999,146.96908409999998,263.149936,480.8778,556.753073,187.549156,-1.4900000000000005e-05,-4.82e-05,0.0,0.0,-3.0999999999999995e-06,-2.899999999999999e-06,-1.999999999999999e-06,0.0,-0.0004750000002218,0.0,-0.0004750000002218,-0.1187500000554564,-0.0004999999987376,0.0,0.0171749999999804,-8.5874999999902,0.002,0.0081060791015625,0.0103240966796875,-0.0005780029296875,0.0,10.0,180.0,-0.3232424,-5.522461,0.4277347999999999,0.0,0.0,0.0,0.0,0.0,0.0
39,0.7790000000000001,263.1499432,480.8778017,556.753076,146.9690841,263.149936,480.8778,556.753073,187.549156,-0.0001037,-9.51e-05,0.0,0.0,-7.099999999999999e-06,-1.699999999999999e-06,-2.9999999999999992e-06,0.0,0.0009500000004436,-0.1125000004265075,0.0004750000002218,0.0562500002132537,0.0002499999993688,0.0,0.0,0.0,0.002,0.007896728515625,0.0103155517578125,-0.00048583984375,0.0,10.0,180.0,-0.3232424,-5.522461,0.4272465,0.0,0.0,0.0,0.0,0.0,0.0
40,0.799,263.1499423,480.87779990000007,556.7530741,146.9690154,263.149936,480.8778,556.753073,187.549156,-0.0001275,1.299999999999999e-06,-1.38e-05,0.0,-6.1e-06,1.0000000000000092e-07,-9.999999999999991e-07,0.0,-0.0004750000002218,0.1125000004265075,-0.0002249999994319,0.0062499999842202,-0.0002499999993688,0.118749999700185,0.0,8.5874999999902,0.002,0.0079388427734375,0.010230712890625,-0.0006591796875,0.0,10.0,180.0,-0.3227542,-5.522461,0.4282231,0.0,0.0,0.0,0.0,0.0,0.0
41,0.819,263.1499404,480.8778019,556.7530741,146.9689467,263.149936,480.8778,556.753073,187.549156,-6.230000000000001e-05,-4.82e-05,-1.38e-05,0.0,-4.199999999999999e-06,-1.9e-06,-9.999999999999991e-07,0.0,-0.000225000000853,-0.0562500002132537,-0.0002500000007898,0.0,0.0002499999993688,-0.2437500000951331,-0.0171749999999804,0.0,0.002,0.0080511474609375,0.010076904296875,-0.0006597900390625,0.0,10.0,180.0,-0.3222659,-5.522461,0.4287113999999999,0.0,0.0,0.0,0.0,0.0,0.0
42,0.8390000000000001,263.1499386,480.8778029,556.753076,146.968878,263.149936,480.8778,556.753073,187.549156,-5.63e-05,-4.82e-05,0.0,0.0,-2e-06,-2.9e-06,-2.9999999999999992e-06,0.0,0.000225000000853,0.0,0.0002500000007898,-0.062500000197474,-0.0004749999988007,0.0687500005369656,-0.0171500000000435,0.0062499999842202,0.002,0.007886962890625,0.0101580810546875,-0.0005047607421875,0.0,10.0,180.0,-0.3222659,-5.5214844,0.4272465,0.0,0.0,0.0,0.0,0.0,0.0
43,0.859,263.1499413,480.8778028,556.7530740999999,146.9689468,263.149936,480.8778,556.753073,187.549156,-7.120000000000001e-05,-9.64e-05,-1.38e-05,0.0,-5.1e-06,-2.799999999999999e-06,-9.999999999999991e-07,0.0,0.0,0.0624999998422026,0.0,0.062500000197474,0.0004749999988007,-0.125000000394948,0.0343250000000239,4.28750000001088,0.002,0.0078997802734375,0.010091552734375,-0.0005633544921875,0.0,10.0,180.0,-0.322266,-5.522461,0.4277347999999999,0.0,0.0,0.0,0.0,0.0,0.0
44,0.8789999999999999,263.1499405,480.8777999,556.7530730999999,146.9690154,263.149936,480.8778,556.753073,187.549156,-0.0001037,5.08e-05,-1.38e-05,0.0,-4.1e-06,1.000000000000011e-07,4.2351647362715045e-22,0.0,-0.000225000000853,0.0,-2.4999999936881068e-05,0.118749999700185,0.0,0.3687499997795385,-0.0171749999999804,-4.2937499999951,0.002,0.0080499267578125,0.0103326416015625,-0.0005364990234375,0.0,10.0,180.0,-0.322266,-5.5214844,0.4287113999999999,0.0,0.0,0.0,0.0,0.0,0.0
45,0.899,263.1499385,480.8778037,556.7530712,146.9688094,263.149936,480.8778,556.753073,187.549156,-1.4900000000000005e-05,-0.0001446,0.0001164,0.0,-2.1e-06,-3.6999999999999993e-06,1.9000000000000004e-06,0.0,0.0004750000002218,-0.2375000001109128,2.4999999936881068e-05,-0.118749999700185,-0.0002499999993688,-0.1249999996844053,0.0,0.0,0.002,0.0077691650390625,0.0104425048828125,-0.0006231689453125,0.0,10.0,180.0,-0.3212894,-5.5214844,0.4291997,0.0,0.0,0.0,0.0,0.0,0.0
46,0.9190000000000002,263.1499386,480.8777989,556.753075,146.968878,263.149936,480.8778,556.753073,187.549156,-7.120000000000001e-05,-3.12e-05,0.0,0.0,-2.1e-06,1.1000000000000011e-06,-1.9999999999999995e-06,0.0,-0.0007249999995906,0.0500000005843048,0.0,0.125000000394948,0.0002499999993688,-0.1249999996844053,0.0,4.2937499999951,0.002,0.0082928466796875,0.010238037109375,-0.0005908203125,0.0,10.0,180.0,-0.322266,-5.5214844,0.4291997,0.0,0.0,0.0,0.0,0.0,0.0
47,0.939,263.1499375,480.877802,556.753075,146.9688095,263.149936,480.8778,556.753073,187.549156,3.539999999999999e-05,0.0,0.0,0.0,-1.2999999999999996e-06,-1.999999999999999e-06,-2e-06,0.0,0.0002499999993688,0.0687499994711515,0.0002500000007898,-0.1875000005924221,0.0,0.0624999998422026,-0.0171500000000435,4.28125000002666,0.002,0.007623291015625,0.0103472900390625,-0.000589599609375,0.0,10.0,180.0,-0.3217776,-5.5214844,0.4277347999999999,0.0,0.0,0.0,0.0,0.0,0.0
48,0.959,263.1499387,480.8778048,556.753073,146.96887809999998,263.149936,480.8778,556.753073,187.549156,-0.0001037,-9.64e-05,0.0,0.0,-2.1e-06,-4.799999999999999e-06,4.2351647362715045e-22,0.0,0.0,0.1125000004265075,-2.500000135796654e-05,-0.0562499998579824,-0.0002499999993688,0.0,0.0343250000000239,-4.28125000002666,0.002,0.0080908203125,0.0100994873046875,-0.0006390380859375,0.0,10.0,180.0,-0.3212894,-5.522461,0.4291996,0.0,0.0,0.0,0.0,0.0,0.0
49,0.979,263.1499433,480.877797,556.753077,146.9689467,263.149936,480.8778,556.753073,187.549156,-0.0001451,0.0,-0.0001114,0.0,-6.999999999999999e-06,3.0000000000000013e-06,-4e-06,0.0,0.0,-0.1125000004265075,2.500000135796654e-05,0.1187500000554564,0.0004999999987376,-0.0625000005527454,-0.0171749999999804,-4.2937499999951,0.002,0.0078521728515625,0.0102838134765625,-0.00052978515625,0.0,10.0,180.0,-0.3217777,-5.5205078,0.4287113999999999,0.0,0.0,0.0,0.0,0.0,0.0
50,0.999,263.1499404,480.87780090000007,556.7530730000001,146.9690154,263.149936,480.8778,556.753073,187.549156,-6.230000000000001e-05,1.299999999999999e-06,0.0,0.0,-4.2e-06,-8.999999999999985e-07,4.2351647362715045e-22,0.0,-2.49999985157956e-05,0.0562500002132537,0.0002249999994319,-0.1812499998976591,-0.0004999999987376,0.0687500005369656,0.0,-4.2937499999951,0.002,0.007935791015625,0.010482177734375,-0.000550537109375,0.0,10.0,180.0,-0.3208011,-5.5214844,0.4262699,0.0,0.0,0.0,0.0,0.0,0.0
51,1.019,263.14993940000005,480.8778009,556.7530693000001,146.968878,263.149936,480.8778,556.753073,187.549156,-6.000000000000005e-06,-3.12e-05,0.0001257,0.0,-3.2e-06,-8.999999999999985e-07,4.000000000000001e-06,0.0,-0.000225000000853,-0.0562500002132537,-0.0004750000002218,0.1812499998976591,0.0002499999993688,0.118749999700185,0.0,8.5874999999902,0.002,0.0081170654296875,0.0101116943359375,-0.0006591796875,0.0,10.0,180.0,-0.3212894,-5.5214844,0.4282231,0.0,0.0,0.0,0.0,0.0,0.0
52,1.039,263.1499436,480.87780090000007,556.753077,146.9689467,263.149936,480.8778,556.753073,187.549156,-0.0002576,1.299999999999999e-06,0.0,0.0,-6.999999999999999e-06,-8.999999999999985e-07,-4e-06,0.0,0.0,0.0500000005843048,0.0,-0.0562499998579824,0.0002499999993688,-0.118749999700185,0.0171749999999804,0.0,0.002,0.0076934814453125,0.010391845703125,-0.0004229736328125,0.0,10.0,180.0,-0.3193362,-5.5205078,0.429688,0.0,0.0,0.0,0.0,0.0,0.0
53,1.0590000000000002,263.1499424,480.8777989,556.7530750999999,146.96894679999997,263.149936,480.8778,556.753073,187.549156,-0.00016,1.299999999999999e-06,-1.38e-05,0.0,-6.1e-06,1.1000000000000011e-06,-2e-06,0.0,0.0009500000004436,0.0,-0.0002499999993688,-0.0062499999842202,-0.0002499999993688,0.118749999700185,0.0,-8.5874999999902,0.002,0.0089776611328125,0.0092327880859375,-6.34765625e-05,0.0,10.0,180.0,-0.3178713,-5.5209961,0.4282231,0.0,0.0,0.0,0.0,0.0,0.0
54,1.0790000000000002,263.1499402,480.877797,556.7531083,146.968878,263.149936,480.8778,556.753073,187.549156,-6.100000000000008e-06,4.95e-05,-0.001088,0.0,-4.1e-06,3.000000000000001e-06,-3.5300000000000004e-05,0.0,-0.0014500000006023,0.249999999724082,-1.4210854715202004e-12,-0.1812500002529304,0.023700000002691,6.281250000483851,-0.0171749999999804,4.2937499999951,0.002,0.0068011474609375,0.010208740234375,-0.0008392333984375,0.0,10.0,180.0,-0.3178713,-5.5209961000000005,0.4282231,0.0,0.0,0.0,0.0,0.0,0.0
55,1.099,263.149923,480.87779480000006,556.7529893000001,146.9688094,263.149936,480.8778,556.753073,187.549156,0.0004764,0.0001679,0.0027955999999999,0.0,1.34e-05,5.200000000000001e-06,8.39e-05,0.0,1.4210854715202004e-12,-3.552713678800501e-10,0.0026750000003517,0.4249999999927922,-0.0056250000028512,2.381249999672264,0.0,0.0,0.002,0.0079925537109375,0.0104638671875,5.4931640625e-05,0.0,10.0,180.0,-0.3193362,-5.5214844,0.4311524,0.0,0.0,0.0,0.0,0.0,0.0
56,1.1190000000000002,263.149921,480.87779480000006,556.7532208,146.9689467,263.149936,480.8778,556.753073,187.549156,0.000494,0.0001353999999999,-0.0049193,0.0,1.52e-05,5.200000000000002e-06,-0.0001475999999999,0.0,0.0007249999995906,-0.1874999998818793,-0.000225000000853,-0.2437499997398617,-0.0116999999960398,-8.237500000518594,0.0,0.0,0.002,0.062216796875,0.0096978759765625,-0.0012237548828125,0.0,10.0,180.0,-0.322266,-5.5229493,0.4272460999999999,0.0,0.0,0.0,0.0,0.0,0.0
57,1.1389999999999998,263.1499053,480.877793,556.753087,146.968878,263.149936,480.8778,556.753073,187.549156,0.0010326,0.0002162,-0.0004598,0.0,3.0900000000000006e-05,7.000000000000003e-06,-1.3799999999999971e-05,0.0,-0.0004750000002218,0.0062500003394916,-0.0024499999994986,-0.0562499998579824,0.0033999999971001,-1.5874999995446617,0.0,0.0,0.002,0.7386138916015625,0.0146429443359375,0.0027789306640625,0.0,10.0,180.0,-0.3242188,-5.5239259,0.432129,0.0,0.0,0.0,0.0,0.0,0.0
58,1.159,263.14991810000004,480.877793,556.7531064,146.968878,263.149936,480.8778,556.753073,187.549156,0.0006007,0.0002304999999999,-0.0011107,0.0,1.82e-05,7.000000000000003e-06,-3.3299999999999976e-05,0.0,-0.0012249999997493,0.0499999995184907,1.4210854715202004e-12,0.0562499998579824,-0.0038999999986799,0.3687500004900812,0.0,0.0,0.002,0.760894775390625,0.013260498046875,-0.0083367919921875,0.0,10.0,180.0,-0.3271481,-5.5249025,0.4277347999999999,0.0,0.0,0.0,0.0,0.0,0.0
59,1.179,263.149917,480.8777948,556.7534736,146.9688094,263.149936,480.8778,556.753073,187.549156,0.0006243,0.0001665999999999,-0.0133502,0.0,1.92e-05,5.200000000000003e-06,-0.0004004,0.0,-0.0009750000003805,-0.1687499999292185,-0.0007500000009486,-0.0562499998579824,0.049049999998374,1.5187499997182383,0.0,0.0,0.002,0.84048583984375,0.0124566650390625,-0.0258477783203125,0.0,10.0,180.0,-0.3295895,-5.5258791,0.4062501,0.0,0.0,0.0,0.0,0.0,0.0
60,1.1989999999999998,263.1499182,480.8777949,556.7538172,146.96887809999998,263.149936,480.8778,556.753073,187.549156,0.0005741,0.0001498,-0.0248086,0.0,1.83e-05,5.100000000000004e-06,-0.0007440999999999,0.0,0.001950000000761,0.1812499998976591,0.0,-0.0062500003394916,-0.0253750000013042,-0.5999999999062311,0.0,-4.2937499999951,0.002,0.903314208984375,0.01554931640625,-0.05589599609375,0.0,10.0,180.0,-0.332031,-5.5263674,0.3144531,0.0,0.0,0.0,0.0,0.0,0.0
61,1.219,263.14992,480.877789,556.7536934,146.9688094,263.149936,480.8778,556.753073,187.549156,0.0005355,0.0003295,-0.0206746,0.0,1.6100000000000002e-05,1.1000000000000005e-05,-0.0006202,0.0,0.0004999999987376,-0.0624999998422026,0.0009750000003805,0.4312499999770125,0.0010000000031595,-0.8000000001118224,-0.0171500000000435,8.58125000000598,0.002,0.9334442138671876,0.01518798828125,-0.096895751953125,0.0,10.0,180.0,-0.3330076,-5.527344,0.2666016,0.0,0.0,0.0,0.0,0.0,0.0
62,1.239,263.1499103,480.877791,556.7535392,146.9688094,263.149936,480.8778,556.753073,187.549156,0.0008433,0.0002969,-0.0155312999999999,0.0,2.61e-05,9.000000000000004e-06,-0.0004659,0.0,-0.0021999999987087,0.4312499999770125,2.4999999936881068e-05,0.0562500002132537,-0.0105250000018486,-0.8000000001118224,0.0171500000000435,0.0,0.002,0.9159588623046876,0.0157586669921875,-0.153856201171875,0.0,10.0,180.0,-0.3364257,-5.527832300000001,0.239746,0.0,0.0,0.0,0.0,0.0,0.0
63,1.259,263.1499317,480.87779580000006,556.753418,146.968878,263.149936,480.8778,556.753073,187.549156,0.0001596,0.000151,-0.0114947,0.0,4.599999999999999e-06,4.200000000000003e-06,-0.0003447,0.0,0.0009499999990225,-0.6750000000721457,-0.0014750000005392,-0.062500000197474,-0.0051000000013345,2.756250000146565,0.0,-4.28750000001088,0.002,0.90623779296875,0.012093505859375,-0.221461181640625,0.0,10.0,180.0,-0.3388672,-5.5283206,0.2236328,0.0,0.0,0.0,0.0,0.0,0.0
64,1.279,263.1499277,480.8777987,556.7533164,146.96908409999998,263.149936,480.8778,556.753073,187.549156,0.0002838,2.0800000000000008e-05,-0.0081094,0.0,8.5e-06,1.3000000000000032e-06,-0.0002431,0.0,0.0022000000001298,-0.187499999526608,0.0014500000006023,-0.0562499998579824,-0.0034499999969739,-0.9187499998120074,0.0171749999999804,0.0,0.002,0.762393798828125,0.01339111328125,-0.30104736328125,0.0,10.0,180.0,-0.3403321,-5.5297855,0.216797,0.0,0.0,0.0,0.0,0.0,0.0
65,1.299,263.1499149,480.877794,556.7531464,146.9689467,263.149936,480.8778,556.753073,187.549156,0.0007308,0.0002643,-0.0024452,0.0,2.11e-05,6.000000000000004e-06,-7.339999999999998e-05,0.0,-0.0026750000003517,0.249999999724082,-0.0006999999996537,-0.4250000003480636,-0.0022000000001298,4.274999999864804,-0.0171749999999804,0.0,0.002,0.0961016845703125,0.0071429443359375,-0.3439154052734375,0.0,10.0,180.0,-0.3403321,-5.5288089,0.2187501,0.0,0.0,0.0,0.0,0.0,0.0
66,1.3190000000000002,263.14991410000005,480.8777960000001,556.7531679,146.9689467,263.149936,480.8778,556.753073,187.549156,0.0007632,8.470000000000001e-05,-0.0031614,0.0,2.21e-05,4.000000000000004e-06,-9.49e-05,0.0,-0.0070750000006114,0.7812500001591616,0.0002249999994319,0.0562500005685251,0.0051249999984293,-15.624999999630518,0.0,0.0,0.002,0.1734161376953125,0.011090087890625,-0.3518682861328125,0.0,10.0,180.0,-0.3413087,-5.5302737,0.2314453,0.0,0.0,0.0,0.0,0.0,0.0
67,1.3390000000000002,263.1499239,480.8777977,556.7521914,146.96894669999998,263.149936,480.8778,556.753073,187.549156,0.0004054,2.09e-05,0.0293813,0.0,1.25e-05,2.300000000000004e-06,0.0008816,0.0,0.0092750000007413,-0.0624999998422026,-0.0009750000003805,-0.4875000001902663,-0.0856749999996964,11.599999999134525,0.0,0.0,0.002,0.06380126953125,0.00837890625,-0.35821044921875,0.0,10.0,180.0,-0.3452151,-5.5322269,0.3027344,0.0,0.0,0.0,0.0,0.0,0.0
68,1.359,263.1499071,480.8777783000001,556.7524189000001,146.9688094,263.149936,480.8778,556.753073,187.549156,0.0009911,0.0006719,0.0217965,0.0,2.9e-05,2.170000000000001e-05,0.0006542,0.0,0.0012249999997493,0.9874999996384304,0.0002500000007898,1.281249999962597,0.0192749999996522,-3.2374999996420684,0.0171749999999804,8.5874999999902,0.002,0.0264312744140625,0.0121112060546875,-0.36183349609375,0.0,10.0,180.0,-0.3471681,-5.5336916,0.3837889,0.0,0.0,0.0,0.0,0.0,0.0
69,1.379,263.1499405,480.87780079999993,556.7524246999999,146.96901549999998,263.149936,480.8778,556.753073,187.549156,-0.0001394,-2.8699999999999973e-05,0.0216108,0.0,-4.299999999999997e-06,-7.999999999999964e-07,0.0006484,0.0,-0.0005000000001587,-1.4687499998444764,0.0012249999997493,-0.7312500002853994,0.0134250000002111,2.200000000129876,-0.0171749999999804,-8.5874999999902,0.002,0.0453857421875,0.010634765625,-0.3638238525390625,0.0,10.0,180.0,-0.3476564,-5.5351563,0.4331054,0.0,0.0,0.0,0.0,0.0,0.0
70,1.399,263.1499434,480.8778037,556.7525576,146.96887809999998,263.149936,480.8778,556.753073,187.549156,-0.0002309,-0.0001262999999999,0.0171833999999999,0.0,-7.099999999999998e-06,-3.699999999999996e-06,0.0005155,0.0,0.0024250000009828,-0.9124999994725158,-0.0009750000003805,-0.1812499998976591,-0.0168499999972482,8.356249999508236,2.4999999936881068e-05,8.58125000000598,0.002,-0.01396728515625,0.00750244140625,-0.3672174072265625,0.0,10.0,180.0,-0.349121,-5.5336915,0.4628907,0.0,0.0,0.0,0.0,0.0,0.0
71,1.419,263.1499082,480.8777939,556.7527683999999,146.9690154,263.149936,480.8778,556.753073,187.549156,0.0009172,0.0001992,0.0101522,0.0,2.800000000000001e-05,6.100000000000004e-06,0.0003046,0.0,-0.0038750000001641,0.6687499993773827,-2.4999999936881068e-05,0.4937500005297579,0.0266249999981482,-3.04375000013124,-2.4999999936881068e-05,-4.28750000001088,0.002,0.0364215087890625,0.01038330078125,-0.3631903076171875,0.0,10.0,180.0,-0.3500974,-5.5332033,0.4848632,0.0,0.0,0.0,0.0,0.0,0.0
72,1.4389999999999998,263.1499229,480.877795,556.752834,146.9692902,263.149936,480.8778,556.753073,187.549156,0.0004465999999999,0.0001824,0.0079712,0.0,1.3200000000000006e-05,5.000000000000004e-06,0.0002391,0.0,-0.0022000000001298,-0.4249999996375209,0.0010000000003174,-0.1937500005766423,0.0285499999989724,-0.6124999998746716,0.0,-8.5874999999902,0.002,0.0309820556640625,0.0102862548828125,-0.3692474365234375,0.0,10.0,180.0,-0.3525386,-5.5341798,0.5009766,0.0,0.0,0.0,0.0,0.0,0.0
73,1.459,263.149919,480.8778017000001,556.7530068,146.9689467,263.149936,480.8778,556.753073,187.549156,0.0005918,-7.679999999999998e-05,0.0022096,0.0,1.7300000000000007e-05,-1.6999999999999966e-06,6.640000000000004e-05,0.0,0.001950000000761,0.6124999995194003,0.0002249999994319,-0.8499999999855845,0.0051250000012714,-2.318749999830061,0.0,4.2937499999951,0.002,-0.0085040283203125,0.0123822021484375,-0.3714459228515625,0.0,10.0,180.0,-0.3540034999999999,-5.534668,0.5048826,0.0,0.0,0.0,0.0,0.0,0.0
74,1.479,263.14992390000003,480.8777929,556.7529024,146.96908409999998,263.149936,480.8778,556.753073,187.549156,0.0004289,0.0002656,0.0056927,0.0,1.2300000000000006e-05,7.100000000000003e-06,0.0001706,0.0,0.0,-0.0062499996289488,0.0005000000001587,1.2749999996231054,0.0085749999982454,-2.018750000587488,0.0171749999999804,-4.2937499999951,0.002,0.0333001708984375,0.007244873046875,-0.3651580810546875,0.0,10.0,180.0,-0.3574216,-5.5356445,0.5161132,0.0,0.0,0.0,0.0,0.0,0.0
75,1.499,263.1499063,480.8777949,556.7530675,146.9689467,263.149936,480.8778,556.753073,187.549156,0.0009913,0.0001836,0.0002145,0.0,2.990000000000001e-05,5.100000000000004e-06,5.7000000000000445e-06,0.0,-0.0002500000007898,0.249999999724082,0.0,-0.7874999994328391,-0.0239249999992807,-6.168750000057344,-0.0171749999999804,4.2937499999951,0.002,-0.01652099609375,0.0100238037109375,-0.3685443115234375,0.0,10.0,180.0,-0.3583982,-5.537109299999999,0.5166014999999999,0.0,0.0,0.0,0.0,0.0,0.0
76,1.519,263.149913,480.8777928,556.7529375,146.968878,263.149936,480.8778,556.753073,187.549156,0.0008431,0.0001990999999999,0.0045207,0.0,2.310000000000001e-05,7.200000000000003e-06,0.0001356,0.0,0.0014500000006023,-0.4874999998349949,-0.0002500000007898,0.5499999996771976,0.0148750000022346,12.456250000525417,0.0,0.0,0.002,0.0424066162109375,0.0118341064453125,-0.3671405029296875,0.0,10.0,180.0,-0.361328,-5.536621,0.5268555,0.0,0.0,0.0,0.0,0.0,0.0
77,1.539,263.14992390000003,480.877793,556.7530194,146.968878,263.149936,480.8778,556.753073,187.549156,0.0004289,0.0002163,0.0018003,0.0,1.2300000000000006e-05,7.000000000000003e-06,5.360000000000004e-05,0.0,-0.0019250000008241,0.4874999998349949,-0.0002499999993688,0.0562500002132537,-0.0083000000017818,-10.618749999480317,0.0,0.0,0.002,-0.0152685546875,0.006201171875,-0.3698291015625,0.0,10.0,180.0,-0.3647460999999999,-5.5380856,0.5288085,0.0,0.0,0.0,0.0,0.0,0.0
78,1.5590000000000002,263.149923,480.87779680000006,556.7530498,146.968878,263.149936,480.8778,556.753073,187.549156,0.0004525999999999,6.900000000000001e-05,0.0007775,0.0,1.3300000000000006e-05,3.2000000000000032e-06,2.320000000000003e-05,0.0,-2.4999999936881068e-05,-0.7374999999143483,-0.0011999999998124,-0.1812499998976591,-0.008050000002413,2.562499999925194,0.0,0.0,0.002,0.0424163818359375,0.00927978515625,-0.367264404296875,0.0,10.0,180.0,-0.3642578,-5.5380857,0.5336913,0.0,0.0,0.0,0.0,0.0,0.0
79,1.5790000000000002,263.1499307,480.8777958,556.7528955,146.9689467,263.149936,480.8778,556.753073,187.549156,0.0002009,0.0001186,0.0059205,0.0,5.600000000000008e-06,4.200000000000004e-06,0.0001777,0.0,0.0012499999996862,-0.6062499998904514,0.0007250000010117,0.1874999998818793,0.0197750000040741,8.543749999745387,0.0,0.0,0.002,0.035965576171875,0.0142352294921875,-0.3606781005859375,0.0,10.0,180.0,-0.366211,-5.5390622,0.5415041,0.0,0.0,0.0,0.0,0.0,0.0
80,1.599,263.1499103,480.8777958,556.7530420999999,146.96887809999998,263.149936,480.8778,556.753073,187.549156,0.0008846999999999,0.000168,0.0010378,0.0,2.600000000000001e-05,4.200000000000004e-06,3.120000000000003e-05,0.0,0.0007250000010117,1.768749999797592,0.0009749999989594,0.550000000032469,-0.0148999999993293,-5.793749999583042,0.0171749999999804,-4.2937499999951,0.002,-0.0377093505859375,0.0050750732421875,-0.3764508056640625,0.0,10.0,180.0,-0.3671876,-5.5380856000000005,0.5395508,0.0,0.0,0.0,0.0,0.0,0.0
81,1.6190000000000002,263.1499425,480.8778067,556.7529902,146.9690154,263.149936,480.8778,556.753073,187.549156,-0.0001986,-0.0001913,0.0027631,0.0,-6.199999999999992e-06,-6.699999999999996e-06,8.300000000000004e-05,0.0,-0.0009750000003805,-0.7937499997723307,-0.0014749999991181,-0.9187500001672788,0.0070999999991272,-2.6250000004779395,-0.0171749999999804,8.5874999999902,0.002,0.01463134765625,0.01072509765625,-0.3625201416015625,0.0,10.0,180.0,-0.3676759,-5.538085799999999,0.5532227,0.0,0.0,0.0,0.0,0.0,0.0
82,1.6389999999999998,263.1499121,480.87779680000006,556.752958,146.9689467,263.149936,480.8778,556.753073,187.549156,0.0008106,0.0001184,0.0038372,0.0,2.410000000000001e-05,3.2000000000000032e-06,0.0001152,0.0,0.0033999999999423,0.4874999998349949,0.0009749999989594,0.0062500003394916,-0.0114750000022922,6.224999999915326,0.0,-4.2937499999951,0.002,0.031383056640625,0.0102557373046875,-0.36584228515625,0.0,10.0,180.0,-0.3691408,-5.539062299999999,0.5498046000000001,0.0,0.0,0.0,0.0,0.0,0.0
83,1.659,263.1499315,480.8777977,556.7530976999999,146.9690154,263.149936,480.8778,556.753073,187.549156,0.0001773,3.770000000000004e-05,-0.0008177,0.0,4.600000000000008e-06,2.300000000000004e-06,-2.4599999999999968e-05,0.0,-0.0034249999998792,0.1812499998976591,0.0007499999995275,0.60624999953518,0.0109750000007124,-3.5999999994373866,0.0,0.0,0.002,-0.012452392578125,0.007720947265625,-0.3722369384765625,0.0,10.0,180.0,-0.3681641999999999,-5.5380856000000005,0.5556639999999999,0.0,0.0,0.0,0.0,0.0,0.0
84,1.6789999999999998,263.1499435,480.8778056,556.7530217000001,146.9689467,263.149936,480.8778,556.753073,187.549156,-0.0002312,-0.0001899,0.0017213,0.0,-6.999999999999992e-06,-5.599999999999998e-06,5.1800000000000026e-05,0.0,0.0005249999986745,-0.3624999997953182,-0.0012249999983282,-0.2999999995978442,-0.0024499999994986,-3.668749999974352,0.0171749999999804,4.2937499999951,0.002,0.0653216552734375,0.0102923583984375,-0.361700439453125,0.0,10.0,180.0,-0.3696291,-5.5390622,0.5605468,0.0,0.0,0.0,0.0,0.0,0.0
85,1.6989999999999998,263.1499462,480.8778046000001,556.753083,146.96887809999998,263.149936,480.8778,556.753073,187.549156,-0.0002961,-0.0001419,-0.0003294,0.0,-9.999999999999994e-06,-4.599999999999997e-06,-9.89999999999997e-06,0.0,0.0007000000024959,-1.3375000001758508,-0.0017250000013291,-0.3125000002768274,0.0124499999998306,0.118749999700185,-0.0171749999999804,-4.2937499999951,0.002,-0.009459228515625,0.0128765869140625,-0.3707379150390625,0.0,10.0,180.0,-0.3696291,-5.5375974,0.5566405999999999,0.0,0.0,0.0,0.0,0.0,0.0
86,1.719,263.1499375,480.8777977,556.7530703,146.9688094,263.149936,480.8778,556.753073,187.549156,-2.6700000000000032e-05,5.34e-05,9.37e-05,0.0,-1.3999999999999946e-06,2.300000000000003e-06,2.9000000000000307e-06,0.0,0.0021999999987087,0.843750000711907,0.0031749999990893,-0.056249999502711,-0.0139250000017909,0.4312500003322839,0.0,0.0,0.002,-0.040150146484375,0.0100811767578125,-0.3645294189453125,0.0,10.0,180.0,-0.366211,-5.5395506,0.555664,0.0,0.0,0.0,0.0,0.0,0.0
87,1.739,263.1499422,480.8777978,556.7530654,146.968878,263.149936,480.8778,556.753073,187.549156,-0.0001659,8.6e-05,0.0002472,0.0,-6.099999999999995e-06,2.2000000000000035e-06,7.600000000000027e-06,0.0,-0.0009749999989594,0.3124999995662847,-0.0021999999987087,-3.552713678800501e-10,-0.0026749999960884,-0.006250000694763,0.0,0.0,0.002,-0.84175537109375,0.00365478515625,-0.3314263916015625,0.0,10.0,180.0,-0.3671875999999999,-5.5371091,0.5512695,0.0,0.0,0.0,0.0,0.0,0.0
88,1.759,263.14993560000005,480.8778008000001,556.7531375,146.9687409,263.149936,480.8778,556.753073,187.549156,2.950000000000001e-05,-1.3000000000000013e-05,-0.0021617999999999,0.0,7.000000000000055e-07,-7.999999999999969e-07,-6.439999999999997e-05,0.0,-0.0036500000007322,-0.4312500003322839,-0.0007249999995906,-0.5562500000166892,0.0068499999997584,-2.006249999908505,-0.034300000000087,0.0,0.002,-0.7338104248046875,0.007310791015625,-0.250789794921875,0.0,10.0,180.0,-0.3647461,-5.5375973,0.5507812999999999,0.0,0.0,0.0,0.0,0.0,0.0
89,1.779,263.1499328,480.87779680000006,556.7530117,146.9688094,263.149936,480.8778,556.753073,187.549156,0.0001122,0.000151,0.0020607,0.0,3.700000000000005e-06,3.2000000000000032e-06,6.140000000000003e-05,0.0,0.0046499999996285,0.062500000197474,0.0012249999997493,0.3687500001348098,-0.0070999999991272,7.143750000437876,0.034300000000087,0.0,0.002,-0.8234295654296875,0.00579345703125,-0.19171875,0.0,10.0,180.0,-0.3676758999999999,-5.5385739,0.5473633,0.0,0.0,0.0,0.0,0.0,0.0
90,1.799,263.1499365,480.8778006,556.7531064000001,146.9687408,263.149936,480.8778,556.753073,187.549156,1.4500000000000015e-05,-2.7399999999999995e-05,-0.00112,0.0,-2.9999999999999644e-07,-5.999999999999963e-07,-3.329999999999997e-05,0.0,-0.0097750000009,0.1812499998976591,-0.0002249999994319,0.7375000002696197,0.0190749999973149,-4.456250000117734,-0.034300000000087,0.0,0.002,-0.87857666015625,0.0055828857421875,-0.13253173828125,0.0,10.0,180.0,-0.3632811999999999,-5.5390622,0.5546876000000001,0.0,0.0,0.0,0.0,0.0,0.0
91,1.819,263.1499638,480.87781350000006,556.7532034,146.9688094,263.149936,480.8778,556.753073,187.549156,-0.0008969999999999,-0.0004363,-0.0043336,0.0,-2.77e-05,-1.3499999999999994e-05,-0.0001301,0.0,0.0070750000006114,-0.8499999999855845,-0.0002500000007898,-0.9125000001830584,-0.0078249999972968,-2.3875000003670266,0.034300000000087,0.0,0.002,-0.886363525390625,0.004754638671875,-0.08442138671875,0.0,10.0,180.0,-0.3662109999999999,-5.5371091,0.5395505999999999,0.0,0.0,0.0,0.0,0.0,0.0
92,1.839,263.149919,480.877791,556.7532267,146.9688094,263.149936,480.8778,556.753073,187.549156,0.0005767999999999,0.0002643,-0.0050915,0.0,1.7100000000000006e-05,9.000000000000005e-06,-0.0001534999999999,0.0,0.001950000000761,1.462499999860256,0.000225000000853,0.4249999999927922,0.0063499999981786,3.724999999832335,-0.0171500000000435,0.0,0.002,-0.9478814697265624,0.00456787109375,-0.045733642578125,0.0,10.0,180.0,-0.3618163,-5.5380856000000005,0.5239258,0.0,0.0,0.0,0.0,0.0,0.0
93,1.8590000000000004,263.1499483,480.8777929,556.7532695,146.9688095,263.149936,480.8778,556.753073,187.549156,-0.0003761,0.0002643,-0.0065469,0.0,-1.2099999999999993e-05,7.100000000000005e-06,-0.0001964999999999,0.0,-0.0036499999993111,-0.3062499999373358,0.0007249999995906,0.4812499998507746,0.0021750000001929,0.0624999998422026,0.0171500000000435,0.0,0.002,-0.868765869140625,0.0051025390625,-0.0196990966796875,0.0,10.0,180.0,-0.3618163,-5.5385739,0.4995117,0.0,0.0,0.0,0.0,0.0,0.0
94,1.879,263.1499355,480.8778008000001,556.7532957999999,146.968878,263.149936,480.8778,556.753073,187.549156,0.0001153999999999,-4.69e-05,-0.0074258,0.0,8.000000000000062e-07,-7.999999999999963e-07,-0.0002228,0.0,0.001924999999403,0.0,-0.0002249999994319,-0.4874999998349949,-0.0039000000015221,0.1187500011212705,0.0,0.0,0.002,-0.7656048583984375,0.007474365234375,-0.0073382568359375,0.0,10.0,180.0,-0.3618163,-5.538573899999999,0.4760741999999999,0.0,0.0,0.0,0.0,0.0,0.0
95,1.899,263.1499317,480.87779979999993,556.7532831000001,146.9687408,263.149936,480.8778,556.753073,187.549156,0.0001744999999999,5.21e-05,-0.0070026,0.0,4.600000000000006e-06,2.000000000000037e-07,-0.0002100999999999,0.0,-0.0009500000004436,-0.0624999998422026,-0.0005000000001587,-0.125000000394948,0.0017250000013291,0.3062499985162503,-0.0171500000000435,-4.28750000001088,0.002,-0.0073809814453125,0.0099822998046875,-0.0020501708984375,0.0,10.0,180.0,-0.3618163,-5.5385739,0.4541017,0.0,0.0,0.0,0.0,0.0,0.0
96,1.919,263.1499482,480.8777979,556.7532677,146.96874079999998,263.149936,480.8778,556.753073,187.549156,-0.0003525,8.329999999999999e-05,-0.0064817,0.0,-1.2199999999999992e-05,2.100000000000004e-06,-0.0001946999999999,0.0,0.0007249999995906,-0.5437500000482487,-1.4210854715202004e-12,0.062500000197474,-0.002200000002972,-0.7937499994170594,0.0,0.0,0.002,-0.1734326171875,0.0091693115234375,-0.001441650390625,0.0,10.0,180.0,-0.3632811999999999,-5.5400388,0.4365235,0.0,0.0,0.0,0.0,0.0,0.0
97,1.939,263.1499228,480.8777947,556.7532051999999,146.9687408,263.149936,480.8778,556.753073,187.549156,0.0004378,0.0001353,-0.0043983999999999,0.0,1.3300000000000005e-05,5.300000000000004e-06,-0.0001318999999999,0.0,-0.0082999999989397,0.6687500000879254,-0.0016999999999711,0.249999999724082,-0.0007499999981064,-2.193750000145656,0.0171500000000435,4.28750000001088,0.002,-0.0018182373046875,0.00931640625,0.0044403076171875,0.0,10.0,180.0,-0.3603514,-5.541015399999999,0.4257816,0.0,0.0,0.0,0.0,0.0,0.0
98,1.959,263.1500098,480.8778116,556.7531622,146.9688094,263.149936,480.8778,556.753073,187.549156,-0.0024506,-0.0003867,-0.0029660999999999,0.0,-7.359999999999999e-05,-1.1599999999999996e-05,-8.909999999999997e-05,0.0,0.0141749999997387,-2.6874999999648708,0.0022000000015509,-0.737499999559077,-0.0036499999993111,3.231250000368391,0.0,0.0,0.002,0.006492919921875,0.01245849609375,0.0001043701171875,0.0,10.0,180.0,-0.3647461,-5.5395505,0.4179688,0.0,0.0,0.0,0.0,0.0,0.0
99,1.979,263.1498497,480.8777929,556.7531395999999,146.968878,263.149936,480.8778,556.753073,187.549156,0.0028789999999999,0.0001836,-0.0021942999999999,0.0,8.68e-05,7.100000000000005e-06,-6.659999999999997e-05,0.0,0.0004750000002218,3.781250000045589,0.0019499999993399,0.799999999756551,-0.0009750000003805,-5.73124999974084,0.0,0.0,0.002,0.0100384521484375,0.0085028076171875,-0.008499755859375,0.0,10.0,180.0,-0.3618164,-5.5395505,0.4106442999999999,0.0,0.0,0.0,0.0,0.0,0.0
100,1.999,263.1499873,480.87780570000007,556.7529521,146.9688094,263.149936,480.8778,556.753073,187.549156,-0.0017017,-0.0001730999999999,0.0040325,0.0,-5.1199999999999984e-05,-5.699999999999996e-06,0.0001211,0.0,-0.0107499999998594,-1.4562500002313072,-0.0022000000001298,-0.1875000002371507,0.0697999999999865,4.206250000038381,0.0,0.0,0.002,0.005654296875,0.0110137939453125,0.0009881591796875,0.0,10.0,180.0,-0.3549802,-5.5375974,0.4501953,0.0,0.0,0.0,0.0,0.0,0.0
101,2.019,263.1499726,480.8778036,556.7531591,146.9688094,263.149936,480.8778,556.753073,187.549156,-0.0012136999999999,-0.0001575999999999,-0.0028685999999999,0.0,-3.649999999999999e-05,-3.599999999999995e-06,-8.589999999999995e-05,0.0,0.0053749999992191,-0.0624999998422026,-1.4210854715202004e-12,0.7312500002853994,-0.0734499999992976,5.618750000024875,0.0,0.0,0.002,0.006907958984375,0.0097283935546875,-0.00118896484375,0.0,10.0,180.0,-0.3579099,-5.5380857,0.4038084,0.0,0.0,0.0,0.0,0.0,0.0
102,2.039,263.1499433,480.8777988,556.7530967,146.96874079999998,263.149936,480.8778,556.753073,187.549156,-0.0002132999999999,7.019999999999997e-05,-0.0007620999999999,0.0,-7.19999999999999e-06,1.2000000000000046e-06,-2.349999999999996e-05,0.0,0.0022000000001298,0.6124999998746716,0.0014750000019603,-0.3062500002926072,0.0031750000005104,-7.331250000675027,0.0,0.0,0.002,0.0068524169921875,0.0112615966796875,-0.0016455078125,0.0,10.0,180.0,-0.3525387,-5.5375976,0.4287113999999999,0.0,0.0,0.0,0.0,0.0,0.0
103,2.059,263.1499444,480.8777883000001,556.7529903000001,146.9687408,263.149936,480.8778,556.753073,187.549156,-0.0002696999999999,0.0003803,0.002763,0.0,-8.099999999999989e-06,1.1700000000000003e-05,8.270000000000005e-05,0.0,-0.0046250000011127,0.1812499998976591,-0.0014750000005392,0.3000000003083869,0.0007250000010117,0.8000000008223651,0.0,4.28750000001088,0.002,0.00814208984375,0.0099853515625,-0.00085205078125,0.0,10.0,180.0,-0.3486327999999999,-5.5385741,0.4365234,0.0,0.0,0.0,0.0,0.0,0.0
104,2.079,263.1499864,480.8778095,556.7529873,146.96887809999998,263.149936,480.8778,556.753073,187.549156,-0.0016545999999999,-0.0003047,0.0028608,0.0,-5.0099999999999984e-05,-9.499999999999995e-06,8.570000000000004e-05,0.0,0.0014500000006023,-0.9750000000252612,0.0002500000007898,-0.6687500000879254,-0.006100000001652,1.768749999797592,-0.0171500000000435,-4.28750000001088,0.002,0.0075054931640625,0.0103387451171875,-0.0013299560546875,0.0,10.0,180.0,-0.3481443999999999,-5.5380856000000005,0.4428710999999999,0.0,0.0,0.0,0.0,0.0,0.0
105,2.099,263.1499317,480.8778005,556.7530085999999,146.9686722,263.149936,480.8778,556.753073,187.549156,0.0001685,-2.610000000000001e-05,0.0021443,0.0,4.500000000000011e-06,-4.999999999999947e-07,6.440000000000003e-05,0.0,0.0022000000001298,0.6625000001037051,0.0004749999988007,-0.2312499997714212,0.0002249999994319,0.0062499999842202,0.0,0.0,0.002,0.0071942138671875,0.0107989501953125,-8.11767578125e-05,0.0,10.0,180.0,-0.3452151,-5.538573899999999,0.4550783,0.0,0.0,0.0,0.0,0.0,0.0
106,2.119,263.1499601,480.8777989,556.7530282,146.968535,263.149936,480.8778,556.753073,187.549156,-0.0008022999999999,3.519999999999999e-05,0.0014933,0.0,-2.349999999999999e-05,1.1000000000000047e-06,4.500000000000004e-05,0.0,-0.001950000000761,-0.0624999998422026,-0.0004749999988007,0.418750000008572,-0.0004749999988007,-0.1875000002371507,0.0171500000000435,4.28750000001088,0.002,0.00812255859375,0.009954833984375,-0.001051025390625,0.0,10.0,180.0,-0.3427736,-5.5380857,0.4599605999999999,0.0,0.0,0.0,0.0,0.0,0.0
107,2.139,263.149959,480.8778027,556.7530282,146.96853499999995,263.149936,480.8778,556.753073,187.549156,-0.0007580999999999,-0.0001446,0.0014933,0.0,-2.2899999999999987e-05,-2.699999999999996e-06,4.490000000000004e-05,0.0,0.0009750000003805,-0.2999999999531155,0.0011999999983913,-3.552713678800501e-10,0.001950000000761,0.5562500000166892,-0.0171500000000435,-4.28750000001088,0.002,0.0077789306640625,0.0104901123046875,-0.00128662109375,0.0,10.0,180.0,-0.3413087,-5.5366208,0.4633787,0.0,0.0,0.0,0.0,0.0,0.0
108,2.1590000000000003,263.1499521,480.8777988,556.7530342,146.96846639999998,263.149936,480.8778,556.753073,187.549156,-0.0004915999999999,-2.9900000000000025e-05,0.0012888,0.0,-1.599999999999999e-05,1.200000000000005e-06,3.890000000000004e-05,0.0,-0.0009999999988963,0.0,-0.0011999999998124,-0.2437499997398617,0.00169999999855,-0.0687499998264229,-0.0171500000000435,0.0,0.002,0.0082489013671875,0.0104180908203125,-0.0006427001953125,0.0,10.0,180.0,-0.3388672,-5.5361326,0.4672850999999999,0.0,0.0,0.0,0.0,0.0,0.0
109,2.1790000000000003,263.14995,480.8777979,556.7530498,146.9686036,263.149936,480.8778,556.753073,187.549156,-0.0003465999999999,-3.120000000000002e-05,0.0007679,0.0,-1.3899999999999987e-05,2.1000000000000045e-06,2.340000000000004e-05,0.0,0.0004999999987376,0.1249999996844053,-0.0002499999993688,3.552713678800501e-10,-0.0014499999991812,-0.4312500003322839,0.0171500000000435,-4.28750000001088,0.002,0.007208251953125,0.0108770751953125,-0.0007537841796875,0.0,10.0,180.0,-0.3374023,-5.537109,0.4697266,0.0,0.0,0.0,0.0,0.0,0.0
110,2.1990000000000003,263.14995,480.8777998000001,556.7530469999999,146.96867219999996,263.149936,480.8778,556.753073,187.549156,-0.0003464999999999,5.209999999999998e-05,0.000875,0.0,-1.3999999999999988e-05,2.000000000000045e-07,2.630000000000004e-05,0.0,0.0002500000007898,-0.062500000197474,0.0007500000009486,0.1812499995423877,0.0,0.125000000394948,0.0171500000000435,4.28750000001088,0.002,0.0082366943359375,0.010277099609375,-0.0006317138671875,0.0,10.0,180.0,-0.3359374,-5.5375973,0.4726564000000001,0.0,0.0,0.0,0.0,0.0,0.0
111,2.2190000000000003,263.14995600000003,480.8778037,556.753054,146.9686722,263.149936,480.8778,556.753073,187.549156,-0.0006366999999999,-9.510000000000002e-05,0.0006471,0.0,-1.999999999999999e-05,-3.699999999999995e-06,1.940000000000004e-05,0.0,0.0,0.1250000007502194,0.0002249999994319,-0.2374999997556415,0.0004999999987376,0.118749999700185,0.0,0.0,0.002,0.0078302001953125,0.0103924560546875,-0.0015167236328125,0.0,10.0,180.0,-0.3334959,-5.5375973,0.4741213,0.0,0.0,0.0,0.0,0.0,0.0
112,2.239,263.149954,480.877798,556.7530567,146.9688094,263.149936,480.8778,556.753073,187.549156,-0.0005241,0.0,0.0005307,0.0,-1.7999999999999987e-05,2.000000000000005e-06,1.6500000000000042e-05,0.0,-0.0007499999995275,-0.125000000394948,-0.0007250000010117,-0.0062500003394916,0.0017000000013922,-0.1812500002529304,0.0,0.0,0.002,0.0080291748046875,0.01051513671875,-0.000814208984375,0.0,10.0,180.0,-0.3315427,-5.5375973,0.4760745,0.0,0.0,0.0,0.0,0.0,0.0
113,2.259,263.14995400000004,480.8777999,556.7530615000001,146.968878,263.149936,480.8778,556.753073,187.549156,-0.0005242,-4.820000000000002e-05,0.0004142,0.0,-1.7899999999999988e-05,1.0000000000000465e-07,1.170000000000004e-05,0.0,0.0,0.0,0.0002500000007898,0.125000000394948,-0.001950000000761,-0.1187499989896423,0.0,0.0,0.002,0.0075909423828125,0.0104510498046875,-0.0008673095703125,0.0,10.0,180.0,-0.3315427000000001,-5.537109,0.4755862,0.0,0.0,0.0,0.0,0.0,0.0
114,2.279,263.1499482,480.8777999,556.7530617,146.9686722,263.149936,480.8778,556.753073,187.549156,-0.0003464999999999,1.2999999999999774e-06,0.0003911,0.0,-1.199999999999999e-05,1.0000000000000448e-07,1.170000000000004e-05,0.0,0.0007499999995275,-0.062500000197474,0.0006999999996537,0.118749999700185,0.0002249999994319,0.1249999996844053,0.0,4.28750000001088,0.002,0.008123779296875,0.01045654296875,-0.0007080078125,0.0,10.0,180.0,-0.3286129,-5.5375973,0.4780277,0.0,0.0,0.0,0.0,0.0,0.0
115,2.2990000000000004,263.14994349999995,480.8777998000001,556.7530644999999,146.96874079999998,263.149936,480.8778,556.753073,187.549156,-0.0002576999999999,5.209999999999998e-05,0.0002747,0.0,-6.999999999999989e-06,2.000000000000045e-07,8.800000000000041e-06,0.0,-0.0009750000003805,0.1187500004107278,-0.0006999999996537,-0.2437500000951331,0.0004749999988007,0.118749999700185,0.0,-4.28750000001088,0.002,0.0063421630859375,0.009439697265625,-0.001201171875,0.0,10.0,180.0,-0.327148,-5.5366208,0.4775394,0.0,0.0,0.0,0.0,0.0,0.0
116,2.319,263.149951,480.8777979,556.7530694,146.9687408,263.149936,480.8778,556.753073,187.549156,-0.0004027999999999,1.2999999999999774e-06,0.0001445,0.0,-1.4999999999999989e-05,2.1000000000000045e-06,3.900000000000041e-06,0.0,0.0004750000002218,0.0062499996289488,-0.0002500000007898,0.062500000197474,0.0007500000009486,-0.125000000394948,-0.0171500000000435,0.0,0.002,0.01786376953125,0.01091552734375,0.0750152587890625,0.0,10.0,180.0,-0.3276363,-5.5375973,0.478516,0.0,0.0,0.0,0.0,0.0,0.0
117,2.339,263.1500077,480.87767,556.7530704000001,147.2307648,263.1499298,480.8777933,556.7530694999999,189.56515600000003,-0.0122228,-0.005651,-0.0046959999999999,403.2,-7.149999999999999e-05,0.00013,2.800000000000041e-06,0.0,0.0022000000001298,-2.381250000027535,-0.0185500000000615,0.062500000197474,-0.0012249999997493,-0.2437499993845904,101.70935000000084,26598.931250000034,0.002,1.46484375e-05,0.0091864013671875,0.238182373046875,0.0,10.0,180.0,-0.3261716,-5.5410154,0.4790042,-1.1028077,0.0,0.0,0.0,0.0,0.0
118,2.359,263.1455155,480.8710303,556.7516874,159.55124510000002,263.1211037,480.84876670000006,556.7390836,211.237156,-4.9042061,-4.8604539,-2.4040277,1800.0,0.0033463,0.0056863,0.0008623999999999,0.0,-1.2670999999997434,-271.2437499997833,-1.7612499999998477,-344.9125000006603,-0.4587500000013733,-119.19375000033484,1320.5051499999995,77848.43124999998,0.002,0.028131103515625,0.010191650390625,0.379007568359375,0.0,10.0,180.0,1.2958984,-3.892089700000001,-0.4770507,-11.3187745,0.0,0.0,0.0,0.0,0.0
119,2.379,262.9988934,480.7075771,556.6819306,201.2220443,262.8254558,480.5511,556.5956868000001,261.63715599999995,-25.5948568,-25.1647935,-12.4848751,3240.0,0.0679473,0.0865564,0.0308342,0.0,-17.033675000000414,-1295.9499999997347,-17.56639999999976,-1213.012499999522,-8.394524999997088,-636.7875000002243,2831.69175,74028.97499999986,0.002,-0.0184478759765625,0.0082098388671875,0.465916748046875,0.0,10.0,180.0,7.226074199999999,0.4599611,-3.4951172,-17.1911866,0.0,0.0,0.0,0.0,0.0
120,2.399,262.3588448,480.057624,556.3667999,272.5985703,261.874284,479.5934333,556.1343449,340.837156,-62.98115249999999,-62.6219122,-30.4617874,4680.0,0.2276096,0.2528426,0.1129655,0.0,-49.01219999999853,-1994.275000000556,-50.4086749999999,-2081.049999999608,-24.3522750000011,-1005.9249999990528,4303.276049999999,73059.08125000025,0.002,0.0210260009765625,0.01505859375,0.486092529296875,0.0,10.0,180.0,11.2583008,4.6518556,-5.4887696,-19.3834719,0.0,0.0,0.0,0.0,0.0
121,2.419,260.8989804,478.5722969,555.6486434999999,373.1461321000001,259.88702040000004,477.59260000000006,555.1704727,448.8371560000001,-116.0531675,-115.5398407,-55.8668461,6120.0,0.4128124999999999,0.4548047999999999,0.2128794999999999,0.0,-100.86937500000062,-2976.86249999991,-100.67020000000042,-2809.937500000714,-48.726075000001856,-1361.6875000010964,5747.10275,71801.66249999971,0.002,-0.005328369140625,0.006138916015625,0.5018682861328125,0.0,10.0,180.0,16.9531249,8.0429688,-7.0053711000000005,-19.959741200000003,0.0,0.0,0.0,0.0,0.0
122,2.439,258.3023408,475.9879149,554.4014903,502.48316050000005,256.6650213,474.3486,553.6077227,585.637156,-172.4607087,-173.3321679,-83.6352976,7560.0,0.5977685,0.6110351,0.290306,0.0,-157.44069999999937,-2723.8749999998645,-158.14547499999918,-2949.643750000064,-76.05542499999842,-1394.5312499991758,7188.8351250000005,72222.23125000086,0.002,0.014688720703125,0.0109796142578125,0.5125494384765625,0.0,10.0,180.0,15.760253700000002,8.755371,-7.2753905,-20.5242187,0.0,0.0,0.0,0.0,0.0
123,2.4590000000000005,254.5743105,472.2286709,552.5926506,660.7226775,252.1915675,469.8446,551.4379863,751.2371559999999,-232.7660398,-233.8573633,-112.863143,9000.0,0.6657905,0.6852791999999999,0.3239506,0.0,-217.2578000000016,-3174.687500000139,-218.10180000000088,-3037.2937499997474,-105.07130000000018,-1472.1125000001225,8635.4084,72372.4312499989,0.002,0.00269287109375,0.004007568359375,0.5147540283203125,0.0,10.0,180.0,18.2758789,9.3007812,-7.6416015,-20.8800293,0.0,0.0,0.0,0.0,0.0
124,2.479,249.6136337,467.2521777,550.1944569,847.8358443999999,246.4666593,464.0806,548.6612629,945.637156,-293.6983129,-295.8075912,-142.6787639,10440.0,0.7150043,0.7167722999999999,0.3399622,0.0,-277.85182499999905,-2969.293749999835,-279.7378249999994,-3115.1812499999205,-134.85205000000065,-1498.9562500005604,10072.385799999998,71475.5062500004,0.002,0.005833740234375,0.0165606689453125,0.5207623291015625,0.0,10.0,180.0,17.1704101,9.6298827,-7.800293099999999,-21.6659912,0.0,0.0,0.0,0.0,0.0
125,2.499,243.4400889,461.0327148,547.1963964,1063.6364424,239.4902958,457.05660000000006,545.2775531,1168.837156,-355.9167983,-358.3254948,-172.73170249999998,11880.0,0.7256318,0.7312352,0.348854,0.0,-340.49949999999995,-3189.0250000000005,-342.3757000000009,-3146.112499999987,-165.06029999999896,-1522.462500000188,11511.2171,72342.40000000154,0.002,0.0048565673828125,0.00638671875,0.5000341796875,0.0,10.0,180.0,18.5483399,9.8110352,-7.9487304,-25.1707764,0.0,0.0,0.0,0.0,0.0
126,2.519,236.01005,453.5562414,543.5930157,1308.3514083,231.2624782,448.7726,541.2868563,1420.837156,-417.967305,-420.9430404000001,-202.8401848,13320.0,0.7412984,0.7427086,0.3560795,0.0,-401.7927000000008,-3029.418749999735,-405.1577249999994,-3108.706249999926,-195.22362499999983,-1515.2562499991973,12960.03915,72299.48124999765,0.002,0.0101177978515625,0.0140594482421875,0.342750244140625,0.0,10.0,180.0,17.7563479,9.8139649,-7.9765625,-30.0290772,0.0,0.0,0.0,0.0,0.0
127,2.539,227.3479259,444.8272042,539.3853028999999,1581.7126068,221.7857752,439.2311873,536.6904193,1699.621156,-479.8472417,-482.9866699,-232.6412697,14356.8,0.7375955,0.7467458,0.3606502,0.0,-464.9892749999999,-3164.981250000309,-467.7260750000002,-3129.387500000291,-225.47902500000137,-1494.2062499997633,14301.795974999995,45855.037500000166,0.002,0.0040386962890625,0.0029571533203125,0.2231103515625,0.0,10.0,180.0,18.4746093,9.8159178,-7.909667999999999,-32.0157715,0.0,0.0,0.0,0.0,0.0
128,2.559,217.4614452,434.8863702,534.5931436999999,1871.910147,211.16573470000003,428.5386296,531.5394347,1987.549156,-530.332979,-534.255625,-257.22911980000003,14400.0,0.7221112,0.7180011000000001,0.3501097,0.0,-520.6914249999998,-2321.043749999951,-523.7822500000008,-2368.2312499996524,-252.34057499999955,-1116.637500000195,14523.891425,-6638.999999999852,0.002,0.0155712890625,0.0099957275390625,0.0704364013671875,0.0,10.0,180.0,14.2280273,6.8251954,-6.3496093,-14.4354492,0.0,0.0,0.0,0.0,0.0
129,2.579,206.6386074,423.9923584,529.3472246,2161.3771651,199.7417282,417.0366163000001,525.9985068,2275.549156,-564.7183252,-568.9667053999999,-274.02111,14400.0,0.5990473000000001,0.5913687,0.2869935,0.0,-558.9838749999998,-1560.7312500000232,-562.8849749999987,-1554.5062499999317,-271.05272500000126,-742.6687500007745,14436.996475000004,-2356.0499999987783,0.002,-0.0030413818359375,0.0080670166015625,0.0450115966796875,0.0,10.0,180.0,9.9042968,3.1230469,-4.6264648,-4.5373535,0.0,0.0,0.0,0.0,0.0
130,2.599,195.2063837,412.4868995,523.8043779,2449.7989029,187.9098734,405.1239696,520.2597625,2563.549156,-581.4535232999999,-585.9770991,-282.206989,14400.0,0.4201125,0.4063845,0.1981388,0.0,-580.8191000000007,-554.2000000000144,-584.1694500000002,-546.6937500003155,-281.84864999999775,-326.59999999964384,14411.041275,-648.0249999981894,0.002,0.016197509765625,0.0161199951171875,0.0268798828125,0.0,10.0,180.0,4.9555663,-1.0439454,-2.7021485000000003,-1.8200685,0.0,0.0,0.0,0.0,0.0
131,2.619,183.5201885,400.7188126,518.1300859,2737.9234606,175.9924879,393.125208,514.4795333,2851.549156,-588.6181505000001,-593.120828,-285.4754768,14400.0,0.2193792,0.2063750999999999,0.1069741999999999,0.0,-586.987775,-293.5749999998904,-592.0551750000002,-337.5874999996143,-284.88035000000025,-107.36249999965251,14403.402324999992,-163.08125000532672,0.002,0.0012103271484375,0.0003131103515625,-0.000335693359375,0.0,10.0,180.0,3.0078126000000003,-2.54834,-1.7934569,-1.0428222,0.0,0.0,0.0,0.0,0.0
132,2.639,171.7176594,388.82712490000006,512.4092588000001,3025.9597839000003,164.0738719,381.125208,508.6987076,3139.549156,-592.4870228,-596.7305625,-287.475099,14400.0,0.1033131,0.0980832,0.0469855,0.0,-592.6340249999996,-140.56875000019318,-596.2280250000006,-137.56250000014347,-287.07860000000096,-83.86250000000928,14400.672925000004,-4.281249994166137,0.002,0.017572021484375,0.00738037109375,-0.001676025390625,0.0,10.0,180.0,2.4506836,-3.2558594,-1.5815431,-0.8249267,0.0,0.0,0.0,0.0,0.0
133,2.6590000000000003,159.85228999999998,376.8811923,506.6518349,3313.9705643,152.15525630000002,369.125208,502.91788209999993,3427.549156,-594.26191,-598.5328086000001,-288.25516430000005,14400.0,0.0500662999999999,0.0440159,0.0235837,0.0,-593.8808750000005,-88.68749999972749,-598.4245749999999,-66.71875000030525,-288.4245749999991,-32.16875000049413,14400.192225,-94.41875000106992,0.002,-7.50732421875e-05,0.016707763671875,0.0079150390625,0.0,10.0,180.0,2.0708008,-3.5678711,-1.307617,-0.7664795,0.0,0.0,0.0,0.0,0.0
134,2.6790000000000003,147.9556336,364.9024033,500.8816239,3601.9739974000004,140.2366403,357.12520800000004,497.13705640000006,3715.549156,-594.9938965,-599.2398397,-288.6089892,14400.0,0.0281069,0.022805,0.0129687999999999,0.0,-595.2460749999993,18.199999999879424,-599.177474999999,-29.42499999960546,-288.52197500000045,2.0187500002322167,14399.934774999996,-12.87500000157852,0.002,0.010128173828125,0.01682373046875,0.003819580078125,0.0,10.0,180.0,1.6201172,-3.7456055,-1.2211915,-0.7500731,0.0,0.0,0.0,0.0,0.0
135,2.6990000000000003,136.05408889999998,352.9146719,495.1101894,3889.9735169,128.3180249,345.125208,491.3562303999999,4003.549156,-595.5629228999999,-599.6487916,-288.9220264,14400.0,0.011036,0.0105363,0.0035777,0.0,-595.4074749999996,-81.18125000003147,-599.6191500000009,-17.693750000091768,-288.60817500000024,3.662499999990132,14400.243775,-17.168750002885282,0.002,0.0027197265625,0.006300048828125,0.004981689453125,0.0,10.0,180.0,2.0605469,-3.7294921,-1.2661134,-0.7577636,0.0,0.0,0.0,0.0,0.0
136,2.7190000000000003,124.13777360000002,340.9186171,489.33366,4177.9729674,116.3994087,333.12520800000004,485.57540480000006,4291.549156,-595.6396024000001,-599.7803021,-289.0652395,14400.0,0.0087356,0.006591,-0.0007186,0.0,-595.7605000000001,33.26249999995525,-600.0204999999994,16.724999999695456,-289.2006749999993,-40.71249999988424,14400.1579,60.08750000323598,0.002,0.008812255859375,0.004161376953125,-0.0252105712890625,0.0,10.0,180.0,1.4975584999999998,-3.9199218,-1.2846678,-0.7664795000000001,0.0,0.0,0.0,0.0,0.0
137,2.739,112.2228867,328.9214736,483.549746,4465.9728301,104.4807933,321.125208,479.7945793,4579.549155999999,-595.7639034,-599.8755169,-288.96229370000003,14400.0,0.0050067,0.0037345,0.0023698,0.0,-596.0073250000004,-35.34375000002967,-599.5732500000003,-43.69374999981801,-289.1818749999999,-11.787500000082218,14399.831800000014,17.168749997152553,0.002,0.0114398193359375,0.00179931640625,0.0207122802734375,0.0,10.0,180.0,1.8510741,-3.8383788,-1.2128906,-0.7695557,0.0,0.0,0.0,0.0,0.0
138,2.759,100.3047276,316.9226602,477.7665596,4753.974409500001,92.5621771,309.12520800000004,474.0137535,4867.549156,-595.7791235000001,-599.9150388,-288.8835992,14400.0,0.0045501,0.0025478,0.0047305,0.0,-595.5578499999998,33.32500000006178,-600.3478999999999,10.67500000004884,-288.7961250000018,63.36249999989718,14399.84892499997,-60.08749999750908,0.002,0.001602783203125,0.0190716552734375,0.000108642578125,0.0,10.0,180.0,1.5468750999999998,-3.8071291,-1.0161134,-0.7618652,0.0,0.0,0.0,0.0,0.0
139,2.779,88.39109959999999,304.9216113,471.9955312999999,5041.9745468,80.64356169999999,297.125208,468.2329276,5155.549156,-595.9453851000001,-599.8801068,-289.2101792,14400.0,-0.0004378,0.0035967,-0.0050669,0.0,-595.9167749999999,8.856249999934107,-599.684074999999,36.92500000020971,-288.7529249999986,-60.79374999998777,14400.00345000003,4.2875000019634175,0.002,0.0098883056640625,0.0201361083984375,-0.006903076171875,0.0,10.0,180.0,1.7504883,-3.9252928,-1.3139647,-0.7598144,0.0,0.0,0.0,0.0,0.0
140,2.7990000000000004,76.47326380000001,292.9237002,466.2109805,5329.974341,68.7249456,285.12520800000004,462.45210209999993,5443.549156,-595.9713789,-599.9497357,-289.0860123,14400.0,-0.0012177,0.0015081,-0.0013419999999999,0.0,-595.971175,-47.12499999994861,-600.1282000000003,-48.82500000036316,-289.4253250000005,14.406249999865397,14400.140749999991,-17.1625000064083,0.002,0.006832275390625,-0.0055096435546875,-0.00566650390625,0.0,10.0,180.0,1.7558595999999995,-3.8027344,-1.1708983,-0.763916,0.0,0.0,0.0,0.0,0.0
141,2.819,64.55039059999999,280.9209501,460.4258281000001,5617.973722799999,56.8063301,273.125208,456.6712765,5731.549155999999,-595.8294711000001,-599.8580689,-288.9417905,14400.0,0.0030394999999999,0.004258,0.0029848,0.0,-596.0153750000002,48.65000000000634,-600.1227749999998,52.80000000027485,-289.13035000000065,14.037500000441128,14400.24377499999,55.793749999109785,0.002,0.003216552734375,0.0157696533203125,-0.0089166259765625,0.0,10.0,180.0,1.5786133,-3.9130857000000008,-1.1787111,-0.7710938,0.0,0.0,0.0,0.0,0.0
142,2.839,52.635441400000005,268.92438589999995,454.6473623,5905.9742035,44.887714,261.12520800000004,450.89045049999993,6019.549156,-595.9516879,-599.9725870999999,-289.0204526,14400.0,-0.0006269,0.0008225,0.0006249,0.0,-595.801775,-33.3250000000163,-599.6565000000018,-34.49374999995314,-288.7170249999983,3.356250000052796,14399.780250000003,38.62500000764012,0.002,0.01324951171875,0.0097369384765625,-0.1563153076171875,0.0,10.0,180.0,1.7558593999999998,-3.8408204,-1.1757813,-0.7716065,0.0,0.0,0.0,0.0,0.0
143,2.859,40.7170304,256.9218155,448.8694444,6193.975370800001,32.9715839,249.1277104,445.1108303,6307.549156,-595.1572103,-599.0801373,-288.7287257,14400.0,-0.0008315,0.0033928,-0.0022827999999999,0.0,-595.8156499999999,39.66875000007519,-600.347649999999,37.787499999632246,-289.1443000000009,3.474999999752981,14399.93474999999,-81.53750000588079,0.002,-0.00642822265625,0.0101904296875,-0.3131298828125,0.0,10.0,180.0,1.4902343999999998,-4.006835799999999,-1.1464843,-0.763916,0.0,0.0,0.0,0.0,0.0
144,2.879,28.8347588,244.9687871,443.1056659,6481.9757827,21.1630615,237.2385557,439.38340260000007,6595.549155999999,-583.2886584,-587.4765233999999,-282.9528346,14400.0,-0.0220907,-0.0283908,-0.0120137,0.0,-589.86135,758.6062499999713,-592.5822999999993,791.8000000001855,-285.85720000000094,365.29999999963536,14399.86612500002,-12.881249995190592,0.002,0.00193359375,0.0066400146484375,-0.433299560546875,0.0,10.0,180.0,-2.1372071000000004,-7.086425800000001,0.4804686999999999,-0.7649414,0.0,0.0,0.0,0.0,0.0
145,2.899,17.2599453,233.3210653,437.4903124000001,6769.9746155,9.8016032,225.7995175,433.8728123,6883.549155999999,-555.0766503000001,-559.2761545999999,-269.2266239,14400.0,-0.1438155,-0.1570753,-0.0697726999999999,0.0,-564.7890500000001,1601.993749999997,-569.1384250000006,1585.5124999999875,-274.2362999999983,809.3312500005112,14400.226599999998,-8.5750000039312,0.002,0.007921142578125,0.010631103515625,-0.4682977294921875,0.0,10.0,180.0,-6.6513671,-10.8305664,2.3359376,-0.7731446,0.0,0.0,0.0,0.0,0.0
146,2.919,6.328124,222.3231895,432.1951271,7057.9742723,-0.7166419,215.2094506,428.77120140000005,7171.549156000001,-509.2563835000001,-513.4293928,-247.2366605,14400.0,-0.3227356,-0.3458085,-0.1635733,0.0,-525.354025,2536.9875,-527.6108249999993,2519.41250000005,-254.0444500000007,1186.7624999997165,14400.192249999987,64.36250000092369,0.002,0.016600341796875,0.0149139404296875,-0.5109857177734375,0.0,10.0,180.0,-11.4003907,-14.859375,4.2666016,-0.7782716,0.0,0.0,0.0,0.0,0.0
147,2.939,-3.6139091,212.3142618,427.3728702,7345.9746155,-10.0691711,205.7930592,424.2349916,7459.549155999999,-453.60611960000006,-457.4322284,-220.2407931,14400.0,-0.5161216,-0.5415079,-0.2572473,0.0,-467.58665,2876.218749999998,-472.24097500000033,2906.974999999967,-227.47022500000045,1381.8999999998027,14399.86612500002,51.506250002829255,0.002,0.004202880859375,0.0024981689453125,-0.5062774658203125,0.0,10.0,180.0,-13.9023437,-16.6972655,5.184082,-0.7782716,0.0,0.0,0.0,0.0,0.0
148,2.9590000000000005,-12.4050664,203.4496454,423.1015175,7633.9773621,-18.1714851,197.6354201,420.3051674,7747.549156000001,-395.1861064,-398.165633,-191.6582256,14400.0,-0.6407031,-0.6535101,-0.3102505,0.0,-411.3237249999999,2968.50625000002,-413.9030749999996,2977.481249999947,-199.40992499999908,1462.2187500002326,14399.917600000004,-98.71250000515064,0.002,0.023470458984375,0.0142816162109375,-0.5104327392578125,0.0,10.0,180.0,-14.016601599999998,-17.3862305,5.5405272000000005,-0.7603271,0.0,0.0,0.0,0.0,0.0
149,2.979,-20.0168467,195.7821191,419.4102518,7921.977499400001,-25.0223444,190.7377806,416.9823299,8035.549155999999,-334.3641967,-336.802731,-162.1793343,14400.0,-0.6932279,-0.7026226999999999,-0.3363638,0.0,-349.51810000000006,3042.11249999998,-352.4965750000007,3106.9437500001127,-169.7116500000007,1474.1875000002124,14399.951924999985,8.581250000359796,0.002,-0.0017938232421875,0.0053076171875,-0.516953125,0.0,10.0,180.0,-14.897949200000005,-17.9746093,5.725585799999999,-0.7623778999999999,0.0,0.0,0.0,0.0,0.0
150,2.999,-26.4041017,189.3514103,416.3134775,8209.977430500001,-30.6217491,185.1001413,414.2664791,8323.549156,-272.6446436,-274.6670775,-132.28392839999998,14400.0,-0.7188232,-0.7285535000000001,-0.3499816,0.0,-288.80832499999985,3132.7562499999794,-290.3427749999999,3109.487499999908,-139.8134749999997,1514.581250000191,14400.209425000026,-21.449999991320148,0.002,0.0125775146484375,0.0152642822265625,-0.5167437744140625,0.0,10.0,180.0,-15.180664099999998,-18.0776367,5.8813478,-0.7669922,0.0,0.0,0.0,0.0,0.0
151,3.019,-31.551039000000003,184.1661678,413.8179707000001,8497.9763322,-34.9696991,180.7225019,412.1576149,8611.549156000001,-210.55384640000003,-212.0469807,-102.1978802,14400.0,-0.7332814,-0.7399505,-0.3578803,0.0,-226.18800000000005,3068.718750000011,-228.064225,3143.068750000033,-109.75535000000036,1504.5749999995194,14400.17509999998,60.07499999895881,0.002,0.0077850341796875,0.005335693359375,-0.4365667724609375,0.0,10.0,180.0,-15.145996200000004,-18.2944336,5.9223632,-0.7751954,0.0,0.0,0.0,0.0,0.0
152,3.039,-35.4572403,180.2342275,411.9237588,8785.977155999999,-38.066197900000006,177.6048595,410.6557358,8899.549156,-148.1119958,-149.20987580000002,-71.9251276,14400.0,-0.737021,-0.7446494,-0.360087,0.0,-164.0368499999999,3150.9999999999923,-165.14329999999973,3124.756249999905,-79.62454999999977,1524.168749999788,14399.831774999984,21.46249998986459,0.002,0.0052099609375,0.013369140625,-0.2922125244140625,0.0,10.0,180.0,-15.5991211,-18.4287109,6.0429687,-0.7746827000000001,0.0,0.0,0.0,0.0,0.0
153,3.059,-38.1149727,177.5535616,410.6337762,9073.9788727,-39.9380373,175.7202386,409.7478472,9187.549156,-90.3395586,-90.883423,-43.8735241,14400.0,-0.7386855,-0.7415395,-0.3599784,0.0,-102.87550000000005,2827.03750000004,-103.9848500000005,2812.199999999976,-49.872799999999984,1369.87500000032,14399.934750000011,-64.37499999947394,0.002,0.0082623291015625,0.0077099609375,-0.1399884033203125,0.0,10.0,180.0,-14.1938477,-17.2246094,5.4721679000000005,-0.7644287000000001,0.0,0.0,0.0,0.0,0.0
154,3.079,-39.6683554,175.9783703,409.8777323000001,9361.979627899998,-40.8178379,174.83443029999998,409.3211216,9475.549156,-47.9113654,-47.792134100000006,-23.2076407,14400.0,-0.6701178999999999,-0.6613023,-0.3241068,0.0,-55.72629999999989,1890.3749999999773,-56.46289999999965,1977.3500000001225,-27.213349999999537,933.3500000000328,14399.917625000036,-12.874999993074743,0.002,-0.00202392578125,0.010050048828125,-0.059599609375,0.0,10.0,180.0,-9.5463867,-13.5424805,3.6264649,-0.7613524999999999,0.0,0.0,0.0,0.0,0.0
155,3.099,-40.453876,175.1859579,409.4969698,9649.9791472,-41.0934304,174.556956,409.1874525,9763.549156,-22.236868,-21.891398,-10.7626826,14400.0,-0.5082303,-0.4967814,-0.2458219999999999,0.0,-25.46167500000021,1103.45624999999,-25.79835000000017,1082.4562500001634,-12.33302500000093,508.781250000112,14400.226599999998,-30.03750000516593,0.002,0.018206787109375,0.011546630859375,-0.025076904296875,0.0,10.0,180.0,-5.4770509,-9.7373046,1.7788086999999997,-0.7675048999999999,0.0,0.0,0.0,0.0,0.0
156,3.119,-40.8084648,174.82654,409.3228076,9937.9790101,-41.1452538,174.5130297,409.1635155,10051.549156,-11.8741383,-9.9069447,-5.450275,14400.0,-0.3118721,-0.2965196,-0.148383,0.0,-12.875974999999864,297.1187499999584,-12.291724999999332,490.787499999712,-6.269024999998862,175.73125000005518,14400.192225,68.66249999575157,0.002,0.00220947265625,0.00970458984375,-0.0257244873046875,0.0,10.0,180.0,-1.1743164,-7.032714800000001,0.2377929,-0.7721192,0.0,0.0,0.0,0.0,0.0
157,3.139,-41.0067274,174.67861050000002,409.2345196,10225.9793534,-41.1729785,174.55356450000002,409.1600113,10339.549156,-6.8636137,-0.8678037,-2.4520113,14400.0,-0.1480206,-0.1606409,-0.0735028,0.0,-6.885750000000179,254.456250000068,-3.0730000000005475,368.5875000003946,-2.651625000000024,128.8437499997741,14399.866124999971,47.19999999451684,0.002,0.008724365234375,0.010955810546875,0.0001519775390625,0.0,10.0,180.0,-0.8681640000000002,-6.5664063,-0.0234374,-0.7700684,0.0,0.0,0.0,0.0,0.0
158,3.1590000000000003,-41.1360528,174.72384089999997,409.1952491,10513.9812073,-41.2702237,174.7803445,409.16001,10627.549156,-11.0718173,17.2742526,-1.1746341,14400.0,-0.0555024999999999,-0.1269619,-0.0352391,0.0,-8.388199999999912,-381.4687500000247,10.384999999999422,1094.724999999741,-1.467024999999467,59.812499999978286,14399.934750000011,-90.11874999487335,0.002,0.0091400146484375,0.0091656494140625,-0.00484130859375,0.0,10.0,180.0,2.4526367,-10.2421874,-0.3818359,-0.7613525,0.0,0.0,0.0,0.0,0.0
159,3.1790000000000003,-41.3975292,175.200206,409.1766427,10801.9815507,-41.5990184,175.5471374,409.16001,10915.549156,-23.5209986,50.7551771,-0.5544192,14400.0,0.0469813,-0.2325341,-0.0166327,0.0,-18.654525,-686.2249999999736,39.85010000000102,1873.8437499999704,-0.5891250000018999,13.793749999990723,14399.917625000036,12.881250006556366,0.002,0.0012725830078125,0.01053466796875,-0.0036846923828125,0.0,10.0,180.0,4.1674805,-14.2485353,-0.534668,-0.7582763,0.0,0.0,0.0,0.0,0.0
160,3.1990000000000003,-41.9447148,176.42881549999998,409.1675165,11089.9812073,-42.3291268,177.2498471,409.16001,11203.549156,-44.246397,100.6729063,-0.2502201,14400.0,0.1435958,-0.4103522,-0.0075064999999999,0.0,-37.75122499999988,-1155.631249999978,86.02979999999931,2720.212500000052,-0.2785749999986819,17.3374999999254,14400.260899999968,-8.587499996794213,0.002,0.0113720703125,0.010479736328125,0.0006982421875,0.0,10.0,180.0,6.7724608,-18.4272461,-0.5444337,-0.7618652,0.0,0.0,0.0,0.0,0.0
161,3.2190000000000003,-42.9368535,178.709585,409.1635177,11377.9810012,-43.5726078,180.149811,409.16001,11491.549156,-66.9657995,154.7585823,-0.1169193,14400.0,0.2310496,-0.5812763999999999,-0.0035077,0.0,-61.4529000000001,-1153.325000000027,141.9440750000007,2664.374999999985,-0.1725750000005632,9.581250000323394,14400.106449999974,60.08124998970597,0.002,0.00651611328125,0.0096710205078125,-0.000855712890625,0.0,10.0,180.0,7.0166016,-18.6972656,-0.5996093,-0.7695557,0.0,0.0,0.0,0.0,0.0
162,3.239,-44.3764728,182.0383496,409.1615849,11665.980658,-45.266587,184.1003964,409.16001,11779.549156,-84.839779,197.39706540000003,-0.0524988,14400.0,0.2538415,-0.6058105,-0.0015749,0.0,-81.25167499999985,-805.7250000000238,188.46192499999933,1964.7250000000224,-0.0564250000010702,0.3062499999373358,14399.866100000008,38.625000001955776,0.002,0.0074432373046875,0.010224609375,-3.5400390625e-05,0.0,10.0,180.0,5.396484299999999,-15.5493164,-0.5942382,-0.7726319,0.0,0.0,0.0,0.0,0.0
